-- Adminer 4.7.6 MySQL dump

SET NAMES utf8;
SET time_zone = '+00:00';
SET foreign_key_checks = 0;
SET sql_mode = 'NO_AUTO_VALUE_ON_ZERO';

DROP TABLE IF EXISTS `devices`;
CREATE TABLE `devices` (
  `mac` char(17) COLLATE utf16_german2_ci NOT NULL,
  `key` varchar(128) COLLATE utf16_german2_ci NOT NULL,
  PRIMARY KEY (`mac`)
) ENGINE=InnoDB DEFAULT CHARSET=utf16 COLLATE=utf16_german2_ci;

INSERT INTO `devices` (`mac`, `key`) VALUES
('dc:a6:32:28:4a:6a',	'$2a$10$M5bJTk6wjjfw5e19HKAlruwwJlGu3sm1OCz1V3vtmF6kkwdEMvNba'),
('dc:a6:32:aa:42:bc',	'$2a$10$M5bJTk6wjjfw5e19HKAlruwwJlGu3sm1OCz1V3vtmF6kkwdEMvNba');

DROP TABLE IF EXISTS `meetings`;
CREATE TABLE `meetings` (
  `id` bigint(20) unsigned NOT NULL AUTO_INCREMENT,
  `team` int(10) unsigned NOT NULL,
  `begin` datetime DEFAULT NULL,
  `end` datetime DEFAULT NULL,
  `reflection` text COLLATE utf16_german2_ci DEFAULT NULL,
  PRIMARY KEY (`id`),
  KEY `team` (`team`),
  CONSTRAINT `meetings_ibfk_1` FOREIGN KEY (`team`) REFERENCES `teams` (`id`) ON DELETE NO ACTION,
  CONSTRAINT `meetings_ibfk_2` FOREIGN KEY (`team`) REFERENCES `teams` (`id`) ON DELETE NO ACTION
) ENGINE=InnoDB DEFAULT CHARSET=utf16 COLLATE=utf16_german2_ci;

INSERT INTO `meetings` (`id`, `team`, `begin`, `end`, `reflection`) VALUES
(15,	1,	'2021-01-29 16:51:09',	'2021-02-02 11:40:41',	NULL),
(61,	2,	'2021-03-25 01:44:50',	'2021-03-25 01:54:16',	NULL),
(62,	2,	'2021-03-25 12:40:28',	'2021-03-25 14:31:56',	NULL),
(63,	2,	'2021-03-25 14:35:17',	'2021-03-25 14:43:30',	NULL);

DROP TABLE IF EXISTS `methods`;
CREATE TABLE `methods` (
  `id` int(11) NOT NULL AUTO_INCREMENT,
  `title` varchar(100) COLLATE utf16_german2_ci NOT NULL,
  `model` mediumint(9) NOT NULL,
  `phase` int(10) unsigned NOT NULL,
  `description` text COLLATE utf16_german2_ci DEFAULT NULL,
  `timebox` int(11) DEFAULT NULL,
  `members` text COLLATE utf16_german2_ci DEFAULT NULL,
  PRIMARY KEY (`id`),
  KEY `model` (`model`),
  KEY `phase` (`phase`),
  CONSTRAINT `methods_ibfk_1` FOREIGN KEY (`model`) REFERENCES `models` (`id`),
  CONSTRAINT `methods_ibfk_2` FOREIGN KEY (`phase`) REFERENCES `phases` (`id`)
) ENGINE=InnoDB DEFAULT CHARSET=utf16 COLLATE=utf16_german2_ci;

INSERT INTO `methods` (`id`, `title`, `model`, `phase`, `description`, `timebox`, `members`) VALUES
(1,	'Mock-Ups',	1,	5,	'Beschreibung: Mock-Ups sind eine grafische Visualisierungsmöglichkeit oder auch Attrappen und werden bei der Konzeptionierung von grafischen Benutzeroberflächen verwendet, um einen voraussichtlichen Eindruck über die Bedienung einer Anwendung zu geben. Je nach Anforderung simuliert ein Mock-Up die vollständige Benutzeroberfläche inklusive aller Funktionen der Anwendung und Inhalte oder nur einen ausgewählten Teil der für Nutzertests und Feedback ausgewählt wird. Mock-Ups ermöglichen somit die Einholung von Meinungen und Erfahrungswerten aus Nutzersicht, vor der eigentlichen Entwicklung.  Vorgehen: Das Vorgehen beginnt mit der Definition der Bestandteile mit Komponenten und Funktionen im ersten Schritt. Anschließend wird die gewünschte Umsetzungsform, zum Beispiel auf Papier oder durch ein Design-Tool) ausgewählt. Danach wird mit den Rahmenkomponenten, wie Header, Footer und Hauptmenü begonnen. Zum Schluss müssen die spezifischen Komponenten, wie konkrete Seiteninhalte und Funktionen gestaltet werden. Ziel: Das übergeordnete Ziel von Mock-Ups ist es, die Idee für den Aufbau und die Nutzung einer zukünftigen Anwendung greifbar zu machen. Sie dienen dabei vor allem, um schnelles Feedback zur Optik (Look-and-Feel) der Benutzeroberfläche einzuholen. Dabei sollen sie so realistisch wie möglich erlebbar sein, um möglichst spezifisches und detailgetreues Feedback zu erhalten. Dieses Feedback wird dabei genutzt, um die Nutzerfreundlichkeit und die Qualität der Anwendung vor der eigentlichen Entwicklung anzupassen. ',	NULL,	'Beteiligte bei der Entwicklung von Mockups sind u.a. das Design-Thinking Team des jeweiligen Projekts. Für die Erstellung der Mock-Ups können z.B. externe Personen, wie UX-Designer involviert sein. Die Evaluation findet durch das Projektteam und weitere beteiligte Personen statt. Hierunter können auch die späteren Entwickler und Endnutzer beteiligt werden.'),
(2,	'Papierprototyp',	1,	5,	'Beschreibung: Ein Papierprototyp visualisiert die elementaren Merkmale einer Produktidee, wie z.B. die Entwicklung einer Anwendung. Die Programmoberfläche wird dabei, samt der mit ihren möglichen Interaktionen, in Abstrakter Form dargestellt. Es geht dabei nicht um das Testen der Anwendung, sondern der Darstellung des Konzepts und der möglichen Aufteilung einzelner Anwendungskomponenten. Dabei werden bewusst einfache Hilfsmittel verwendet. Vorgehen: Das Vorgehen beginnt mit dem ersten Schritt, hier werden elementare Kriterien für das Konzept identifiziert. Anschließend wird der Abstraktionsgrad der visuellen Konzeptdarstellung definiert, da ein noch höherer Detaillierungsgrad wenig Sinn macht. Danach erfolgt die Modellierung des Papierprototypen anhand ausgewählter Materialien, sowie die Vorführung des Papierprototypen vor unterschiedlichen Zielgruppen. Im Anschluss zur Vorführung soll eine offene Diskussion eingeleitet werden über weitere Chancen, Potentiale, aber auch um negative Aspekte zu vermeiden. Zum Schluss erfolgt die Dokumentation der Ergebnisse aus Vorführung und Diskussion, zur weiteren Nutzung im Projektverlauf.  Ziel: Das Ziel des Papierprototypen besteht darin, möglichst einfach und schnell das Konzept anhand seiner elementarsten Merkmale definieren, darstellen und im Team beurteilen zu können. Die Evaluation findet dabei im Team statt.',	NULL,	'Die Beteiligten zur Erstellung eines Papierprototypen sind eine Person oder ein ganzes Team. Dies kann das Design-Thinking oder andere Projektteam sein. Für die Evaluation sollten in jedem Fall weitere Personen hinzugezogen werden.'),
(3,	'Rollenspiel',	1,	5,	'Beschreibung: Bei Rollenspiele wird eine Situation simuliert. Dabei stellen ausgewählte oder zufällige Darsteller Interaktionen mit einem zukünftigen Produkt oder einer Dienstleistung dar. Die kann z.B. auch die Bedienung einer Benutzeroberfläche sein. Während des Rollenspiels kann der Darsteller auch von einem Moderator durch den Prozess geführt werden. Der Darsteller kommentiert bei jedem Schritt seine Gedanken und sein Empfinden. Dieses Feedback wird protokolliert.  Vorgehen: Das Vorgehen beginnt im ersten Schritt mit der Bestimmung der zu untersuchenden Situationen. Danach wird das Szenario und beteiligte Rollen bestimmt und zugewiesen, sowie der Handlungsstrang formuliert. Nach Bedarf werden Requisiten bestimmt und angewandt. Anschließend wird das Rollenspiel durchgeführt. Gegebenfalls moderiert das Entwicklungsteam den Nutzers während des Prozesses. Danach erfolgt die Abfrage eines Fazits vom Darsteller und eine Dokumentation aller Nutzererfahrungen und anschließende Diskussion zu Verbesserungen, Chancen und Risiken mit dem Projektteam. Ziel: Das Ziel des Rollenspiels besteht darin, dass direkte Nutzererfahrungen aus den Augen des Anwenders erfasst werden. Die zuschauenden Teilnehmer erhalten die direkten Aussagen und Empfindungen des zukünftigen Nutzers.',	NULL,	'Beteiligte am Rollenspiel können beispielsweise das Design-Thinking Team, das Projektteam, Darsteller oder Endnutzer sein.'),
(4,	'Thinking Aloud-Test',	1,	6,	'Beschreibung: Bei der Thinking Aloud-Methode geht es vorallem darum, dass die Testnutzer bei der Interaktion mit dem Prototypen genau erklären, warum sie genau diese Handlungen durchführen. Hierdurch können wichtige Einblicke in Bezug auf die User Experience gewonnen und live miterlebt werden, wie Nutzer mit dem Prototypen interagieren und wo gegebenenfalls noch Schwachstellen liegen. Quelle: https://de.ryte.com/wiki/Thinking_Aloud_Test Vorgehen: Bei der Methode wird folgendermaßen vorgegangen. Zu Beginn werden mögliche Handlungsszenarien skizziert, in denen sich der reguläre Nutzer wiederfinden kann. Außerdem werden Aufgaben erstellt, die die Testnutzer mit dem Prototypen ausführen sollen. Nun werden diese Aufgaben an den Testnutzer weitergereicht, der erklären soll, wie er die Aufgaben versteht oder wo Probleme bestehen. Das Team hört währenddessen zu und macht sich Notizen. Ziel: Ziel der Methode ist es Verbesserungspotentiale in Bezug auf das User Interface und die User Experience festzustellen und direkt erkennen zu können, wie sich der Prototyp bei der regulären Nutzung \"live\" verhält.',	NULL,	'Beteiligte sind das Design Thinking Team und die Testnutzer.'),
(5,	'Osborn Checkliste',	1,	6,	'Beschreibung: Die Osborn Checkliste wird in den fortgeschritteneren Phasen des Design Thinkings eingesetzt, hauptsächlich in der Phase der Prototypenentwicklung. Dabei zielt diese Methode weniger auf die Konzeption von neuen Prototypen ab, sondern hauptsächlich auf die Verbesserung von bereits bestehenden. Vorgehen: Bei der Methode wird wie folgt vorgegangen: Das Design Thinking Team verwendet ein bereits bestehendes Produkt, auf das eine Liste von möglichen Anpassungen angewandt wird. Dabei handelt es sich um eine mögliche andere Verwendung des Produktes, sowie das Anpassen, Abwandeln, Vergrößern, Verkleinern, Ersetzen, Umordnen, Umkehren und Kombinieren von Funktionalitäten. Sobald eine neue Idee entstanden ist, wird diese notiert und gemeinsam besprochen. Ziel: Das Ziel dieser Methode ist es, ein bereits bestehendes Produkt oder eine Idee zu verbessern. Das geschieht, indem mögliche Veränderungen an diesem Produkt, wie beispielsweise das Ersetzen oder Reduzieren von Funktionalitäten, in der Theorie durchgespielt werden, um mögliches Verbesserungspotential zu erkennen.',	NULL,	'Die Methode kann mit dem gesamten Design Thinking Team oder auch alleine bearbeitet werden.'),
(6,	'Stakeholder Map',	1,	2,	'Beschreibung: Eine Stakeholder Map ist eine Karte, auf der jeder Stakeholder entsprechend seines Einflusses und seinem Interesse an dem Projekt eingeordnet wird. Üblicherweise werden vier Zonen und damit Gruppen definiert und es wird festgelegt, auf welche Weise Stakeholder gemanaged werden, die der jeweiligen Gruppe zugeordnet werden. Oft verwendet wird für die Gruppeneinteilung \"Vollständig zufriedenstellen\", \"Im Blick behalten\", \"Vollständig informieren\", \"Ganz nah managen\". Vorgehen: Das Vorgehen der Stakeholder Map lautet wie folgt. Es wird ein Diagramm erstellt. Auf der x-Achse wird das Interesse am Projekt und auf der y-Achse der Einfluss auf das Projekt abgebildet. Der Datenbereich des Diagramms wird durch einen horizontalen und einen vertikalen Strich jeweils bei der Mitte der Achse in vier Bereiche geteilt.Dadurch ergibt sich oben rechts der Bereich für Stakeholder mit großem Interesse am und großem Einfluss auf das Projekt. Für diese Stakeholder gilt: \"Manage Closely\", sie sollen also ganz nah am Projekt gemanaged werden. Oben Links ist der Bereich für Stakeholder mit geringerem Interesse aber dennoch großem potentiellen Einfluss auf das Projekt. Für diese Stakeholder gilt: \"Keep satisfied\", sie sollten also immer zufriedengestellt werden.Unten Links ist der Bereich für Stakeholder die sowohl wenig Interesse, als auch wenig Einfluss auf das Projekt haben. Hier wird möglichst wenig Aufwand in das Managen gesteckt, dennoch sollte man auch diese Stakeholder zumindest im Blick behalten.Unten Rechts ist der Bereich für Stakeholder mit großem Interesse aber eher wenig Einfluss auf das Projekt. Für diese Stakeholder gilt: \"Keep informed\", diese Personen sollten also laufend mit Informationen über das Projekt versorgt werden.Mit den Informationen aus der Stakeholder Analyse können nun alle Stakeholder entsprechend ihres Interesses und Einflusses auf das Projekt in dem Diagramm positioniert werden. Aus der Position im Diagramm ergibt sich die Gruppe zu der die einzelnen Stakeholder gehören und damit auch, wie diese jeweils zu managen sind. Ziel: Das Ziel ist es, einen visuellen Eindruck davon zu bekommen, welche Personen das Projekt in welcher Weise beeinflussen können und zu sehen, wie diese Personen zu managen sind.',	30,	'Beteiligt ist ein Team oder eine einzelne Person, die oder dass für die Erstellung der Stakeholder Map zuständig ist. Sinnvoll ist es auch den Projektleiter des Projektes einzubeziehen und es werden Experten für alle Stakeholder benötigt.'),
(7,	'Problem Framing',	1,	2,	'Beschreibung: Diese Methode kann in mehreren Phasen eingesetzt werden, um die Ideenfindung zu verbessern und ein Konzept oder Problem besser verstehen zu können. Die Idee hinter dem Problem Framing besteht darin, dass ein Problem zunächst genau definiert werden muss, damit später sinnvolle Ideen generiert werden können. Dazu wird eine Vier-Felder-Matrix erstellt, wobei die Felder die Fragen \'wer\', \'was\', \'wo\' und \'warum\' repräsentieren. Diese Fragen beziehen sich auf ein entwickeltes Konzept, dass so genauer definiert werden soll. Die Ergebnisse aus dieser Analyse werden anschließend schriftlich festgehalten und weiter diskutiert. Das Problem Framing lässt sich auch mit der Bet-Cost-Matrix kombinieren. Vorgehen: Das Vorgehen dieser Methode besteht aus drei Schritten die folgendermaßen auszuführen sind. Zunächst wird eine Vier-Felder-Matrix aufgezeichnet oder ausgedruckt. Anschließend werden die vier Fragen, \'wer\', \'was\', \'wo\' und \'warum\', nacheinander besprochen. Die Frage \'wer\' beschäftigt sich mit den potentiellen Kunden, die das Produkt später verwenden könnten. \'Was\' bezieht sich auf das eigentliche Problem, ob es wirklich eine Schwierigkeit darstellt und ob es sich bei dem Lösungskonzept eher um eine notwendige oder optionale Entwicklung handelt. Die Frage \'wo\' beschäftigt sich mit dem Kontext oder der Situation, in der das Problem auftritt und die letzte Frage \'warum\' beschreibt den Wert oder Nutzen des Konzeptes, ist dieses wichtig genug, um andere Aufgaben zurückzustellen? Die daraus entstehenden Ideen werden vom Design-Thinking-Team schriftlich festgehalten. Ziel: Das Ziel des Problem Framings besteht darin, neue Konzepte und Ideen zu entwickeln, sowie ein Problem genauer zu definieren und so besser versteehen zu können. Dazu kann diese Methode in unterschiedlichen Phasen mit unterschiedlichen Zielen eingesetzt werden. Beispiel: Ein Beispiel für den Einsatz dieser Methode lautet wie folgt. Das Problem Framing könnte beispielsweise eingesetzt werden, um die Wartezeit von Fluggästen bei Verspätung eines Fluges angenehmer zu gestalten. Es handelt sich dabei also (wer?) um Fluggäste, die eine längere Wartezeit überbrücken müssen. Dadurch (was?) müssen sie eine unangenehme Zeit verbringen, während sie (wo?) in den Transitzonen oder Wartebereichen der Flughäfen auf ihren Flug warten. Eine optimale Lösung (warum?) würde die Wartezeit deutlich angenehmer gestalten und so die Kundenzufriedenheit erhöhen.',	30,	'Beteiligte an dieser Methode sind das Design Thinking Team.'),
(8,	'Camera Journal',	1,	2,	'Beschreibung: Diese Methode sieht vor, dass die persönlichen Eindrücke einer Testperson mit einer Kamera dokumentiert werden, während dem Nutzer die Vor- und Nachteile einer Idee oder eines Produktes erläutert werden. Dies funktioniert, da die Anwender ihre Eindrücke und Emotionen während der Benutzung eines Produktes häufig visuell zeigen. Diese Mimik und Gestik kann gut mit Fotos festgehalten werden. Dazu wird das Camera Journal meist in der Empathize-Phase eingesetzt, um die Wünsche und Anforderungen der späteren Endanwender genauer verstehen zu können. Vorgehen: Das Vorgehen besteht aus drei Schritten. Zunächst wird der Testperson die Idee oder das Konzept präsentiert. Während der Tester mit der Idee konfrontiert wird, hält ein Mitglied des Design Thinking Teams dessen Gesichtsausdruck und Körpersprache mit einer Kamera fest. Die so entstandenen Fotos werden anschließend vom Entwicklungsteam diskutiert, um daraus Schlüsse ziehen zu können. Ziel: Das Ziel dieser Methode besteht darin, einen genauen Überblick über die Anforderungen der Testperson an das Produkt zu entwickeln. Aus der visuellen Darbietung der Eindrücke einer Testperson können diese Anforderungen abgeleitet werden. So kann sichergestellt werden, dass ein Konzept entwickelt wird, dass den Wünschen der zukünftigen Kunden entspricht.',	30,	'Beteiligte sind das Design Thinking Team und eine Testperson.'),
(9,	'Be Your Customer',	1,	6,	'Beschreibung: Diese Methode stellt ein Rollenspiel dar, bei dem ein Mitglied des Design Thinking Teams in die Rolle des zukünftigen Nutzers schlüpft und so eine Dienstleistung oder ein Produkt aus der Kundenperspektive in einer möglichst realistischen Umgebung bewertet. So soll die Kreativität des Entwicklungsteams gefördert und Probleme erkannt werden, die mit anderen Methoden nicht entdeckt werden konnten. Dazu wird die Be Your Customer Methode in der Testphase der Entwicklung eingesetzt, um den entworfenen Prototypen evaluieren zu können. Vorgehen: Das Vorgehen besteht aus vier Schritten. Im ersten Schritt muss der zu evaluierende Prototyp für die Benutzung vorbereitet werden. Anschließend beginnt ein Mitglied des Entwicklungsteams damit, realistische Anwendungsszenarien durchzuspielen. Während so alle Funktionalitäten der Reihe nach ausprobiert werden, werden die Eindrücke der Testperson zu dem Prototypen vom Testnutzer selbst oder vom Design Thinking Team schriftlich festgehalten. Diese Dokumentation wird anschließend innerhalb des Entwicklungsteams besprochen, um daraus Verbesserungsvorschläge oder zusätzliche Funktionalitäten ableiten zu können. Ziel: Ziel der Be Your Customer Methode ist es eine Dienstleistung oder ein Produkt zu testen und bewerten zu können. Dadurch sollen mögliche Schwachstellen, Verbesserungsmöglichkeiten oder zusätzliche Funktionalitäten aufgedeckt werden. Beispiel: Ein Beispiel für den Einsatz dieser Methode könnte wie folgt lauten. Um eine Software für Arztpraxen evaluieren zu können, begeben sich ein oder mehrere Mitglieder des Entwicklungsteams in die Rolle eines medizinischen Fachangestellten, der das Programm an seinem Arbeitsplatz einsetzt. So können mögliche Schwachstellen oder Verbesserungsmöglichkeiten, die vorher nicht aufgefallen sind, erkannt werden.',	60,	'Beteiligte sind ein oder mehrere Mitglieder des Design Thinking Teams.'),
(10,	'MoSCoW Voting',	1,	2,	'Beschreibung: Diese Methode zielt darauf ab, wichtige Entscheidungen schnell treffen zu können und große Mengen an Themen priorisieren zu können, ohne sich in Details zu verlieren. Dazu wird sie in aller Regel in der Define Phase zu Beginn des Entwicklungsprozesses eingesetzt, um das Projektmanagement zu unterstützen. Allerdings kann das MoSCoW Voting auch in späteren Phasen angewandt werden, wenn der Bedarf dazu besteht. Das Akronym MoSCoW steht dabei für MUST, SHOULD, COULD AND WILL NOT und beschreibt damit Anforderungen, die vorhanden sein müssen, sollten, können oder eher unwichtig sind. Die einzelnen Themen, wie beispielsweise User Stories werden anschließend nach diesen Kategorien klassifiziert. Vorgehen: Das Vorgehen lässt sich in vier Schritte einteilen. Im ersten Schritt muss eine Tabelle mit den insgesamt vier Kategorien MUST, SHOULD, COULD, WILL NOT aufgezeichnet oder ausgedruckt werden. Anschließend überlegt das Design-Thinking-Team, welche Themen, zum Beispiel User Stories oder Anforderungen an das Projekt, kategorisiert werden sollen. Im nächsten Schritt werden die einzelnen Themen vom Entwicklungsteam diskutiert und danach den verschiedenen Kategorien zugeordnet. Die Ergebnisse des MoSCoW Votings werden anschließend vom Entwicklungsteam schriftlich festgehalten. Ziel: Das Ziel des Moscow Voting, im Zuge des Projektmanagements ist das Treffen von wichtigen Entscheidungen vereinfachen zu können, sowie große Mengen an Themen leichter priorisieren zu können. Dadurch soll verhindert werden, dass das Design-Thinking-Team sich in Details verliert und so eine Zeitersparnis erreicht werden. Beispiel: Ein Beispiel zum MosCow Voting lautet wie folgt. Wenn beispielsweise eine Software für ein mobiles Bezahlsystem entwickelt werden soll, muss der Nutzer sich registrieren und anmelden, sowie das Passwort zurücksetzen können. Weiterhin sollte der Nutzer eine präferierte Art zu bezahlen auswählen und das Nutzerkonto bei Bedarf löschen können. Es könnte die Funktionalität implementiert werden, eine App auf mobilen Geräten installieren zu können, dies ist allerdings schon deutlich weniger relevant. Die Möglichkeit, das visuelle Design der Anwendung ändern zu können, wurde so gering priorisiert, dass diese Funktionalität zur Zeit nicht entwickelt werden wird.',	60,	'Beteiligte an dieser Methode sind das Design Thinking Team.'),
(11,	'Jobs to be Done',	1,	2,	'Beschreibung: Diese Methode zielt darauf ab, den Kontext des zukünftigen Endanwenders zu untersuchen. Dabei werden die Situation und die Umstände betrachtet, in denen konkrete Nutzerbedürfnisse und Aufgaben auftreten. Die Methode basiert darauf, dass jeder Nutzer ein neues Produkt einsetzt, um eine bestimmte Aufgabe zu erledigen. Dadurch kann die genaue Motivation des Anwenders analysiert und festgestellt werden, warum dieser ein konkretes Produkt einem anderen vorzieht. Diese Motivation wird mit einer Job Story nach folgendem Schema dargestellt: Wenn eine Situation auftritt, möchte ich auch eine Aufgabe erledigen, um ein bestimmtes Ergebnis zu erzielen. Der potentielle Nutzer selbst steht bei der Jobs to be Done Methode nicht im Mittelpunkt. Vorgehen: Das Vorgehen der Jobs to be done Methode besteht aus vier Schritten. Im ersten Schritt stellt das Design-Thinking-Team dem zukünftigen Kunden verschiedene Fragen zu der Situation und den Umständen, in denen das neue Produkt eingesetzt werden soll. Anschließend wird besprochen, welche Aufgaben damit konkret erledigt werden sollen. Im nächsten Schritt überlegt das Entwicklungsteam, welche Funktionalitäten implementiert werden sollten, um die Aufgabe optimal erledigen zu können. Die Ergebnisse der \"Jobs to be Done\" Methode werden anschließend vom Design-Thinking-Team schriftlich festgehalten. Ziel: Die Jobs to be Done Methode zielt darauf ab, die genauen Aufgaben zu ermitteln, die ein zukünftiger Nutzer mit einem Produkt erledigen möchte. Dabei wird der Anwender nicht danach gefragt, welche Funktionalitäten an einem Produkt ihm wichtig sind, da eine Funktionalität immer nur eine einzige potentielle Lösung für ein Problem darstellt. Mit der Analyse der zu erledigenden Aufgaben können andere Lösungen ermittelt werden, die das Problem möglicherweise besser adressieren. Beispiel: Ein Beispiel für diese Methode würde wie folgt lauten. Es soll beispielsweise eine Software für eine Arztpraxis entwickelt werden. Durch ein Gespräch mit einem potentiellen Kunden stellt sich heraus, dass dieser unkompliziert und schnell auf alle seine Patientendaten zugreifen möchte, da in der Arztpraxis häufig ein hoher Patientenandrang besteht und die Daten unverzüglich zur Verfügung stehen müssen. Anschließend kann überlegt werden, wie dieser Wunsch am besten umgesetzt wird.',	60,	'Beteiligte sind das Design Thinking Team und mindestens ein zukünftiger Kunde.'),
(12,	'Predict Next Year\'s Headline',	1,	2,	'Beschreibung: Die Methode sieht vor, dass das Design Thinking Team in einer frühen Phase des Projektes durch Gespräche mit dem Kunden herauszufinden versucht, wo dieser sich, sein Unternehmen und seine Produkte in absehbarer Zukunft einordnet. Dazu wird diese Methode häufig in der Define Phase eingesetzt, um bereits zu Beginn der Entwicklung einen Einblick in die Sichtweise des Kunden zu erhalten. Die Erkenntnisse daraus werden vom Entwicklungsteam schriftlich festgehalten und anschließend diskutiert, um daraus konkrete Ideen und Konzepte ableiten zu können. Vorgehen: Die Methode besteht aus drei Schritten. Zunächst wird der Kunde darum gebeten, seine Pläne für zukünftige Produkte und Geschäftsmodelle zu beschreiben. Das Entwicklungsteam bespricht diese Ideen anschließend mit dem Kunden, um mögliche Missverständnisse auszuräumen und ein genaueres Verständnis über die Zukunftsstrategie zu erhalten. Die daraus entstehenden Ideen werden vom Design-Thinking-Team schriftlich festgehalten. Ziel: Das Ziel dieser Methode besteht darin, in einer frühen Phase des Projektes genau zu verstehen, wo der Kunde sich selbst und sein Unternehmen in naher Zukunft sieht und welche Produkte dieser als relevant und zukunftsfähig erachtet. Diese Erkenntnis hilft dem Design Thinking Team Produkte zu entwickeln, die exakt auf die Kundenbedürfnisse zugeschnitten sind und dadurch auch die Kundenprobleme lösen können. Beispiel: Wenn beispielsweise ein Intranet für ein Softwareunternehmen entwickelt werden soll, können zukünftige Produkte und Veränderungen an Produkten mit dem Kunden besprochen werden, um ein genaues Verständnis darüber zu entwickeln, welchen Anforderungen das Intranet genügen soll.',	60,	'Das Design Thinking Team und ein oder mehrere Ansprechpartner der Kundenseite sind beteiligt.'),
(13,	'Random Input',	1,	3,	'Beschreibung: Die Random Input Methode sieht vor, dass mehrere Wörter oder Begriffe zufällig miteinander kombiniert werden, um neue Ideen zu erzeugen. Dabei können auch Wörter oder Konzepte kombiniert werden, die auf den ersten Blick nicht ansatzweise miteinander zusammenhängen. So soll die Kreativität des Entwicklungsteams erhöht werden. Dazu wird dieses Verfahren meist in der Ideenfindungsphase eingesetzt, um neue Vorschläge generieren zu können. Vorgehen: Die Random Input Methode besteht aus vier Schritten. Im ersten Schritt definiert das Design-Thinking-Team exakt, warum ein neues Konzept kreiert werden soll und welches Problem damit gelöst wird. Danach wird ein zufälliger Begriff, der mit der zu entwickelnden Idee auf den ersten Blick nicht zusammenhängt, ausgewählt. Zu diesem Begriff werden vier bis sechs Eigenschaften erarbeitet, die anschließend mit dem ursprünglichen Konzept verknüpft werden. Die daraus entstehenden Ideen werden vom Design-Thinking-Team schriftlich festgehalten. Ziel: Das Ziel dieser Methode besteht darin, die Kreativität des Design Thinking Teams anzuregen, um neue Ideen oder Lösungen für bestehende Probleme zu generieren. Dadurch soll das zu entwickelnde Produkt verbessert und erweitert werden. Beispiel: Die Random Input Methode könnte beispielsweise angewandt werden, um neue Ideen zu generieren, die helfen sollen, eine Webseite von anderen abzugrenzen. Dafür wird ein zufälliger Terminus aus dem Lexikon ausgewählt, in diesem Fall das Wort Helikopter. Im nächsten Schritt werden durch den Einsatz von Brainstorming mehrere damit zusammenhängende Begriffe identifiziert: Rotor, rotierende Blätter, Schweben, Luftrettung, Transport und Militär. Wenn diese Begriffe jetzt mit der ursprünglichen Idee, eine Webseite von anderen abzuheben, verknüpft werden, entstehen konkrete Lösungsvorschläge: rotierendes Design, Hintergrund in Camouflage oder schwebende Grafiken und Bilder auf der Webseite.',	30,	'Beteiligte sind das Design Thinking Team beziehungsweise das Projektteam.'),
(14,	'Shadowing',	1,	2,	'Beschreibung: Beim Shadowing, zu Deutsch: Beschatten, wird eine Person oder ein Nutzer von einem Beobachter begleitet, während sie mit dem Objekt interagiert, das für das Projekt von Interesse ist. Im Gegensatz zum Interview, ist es hierbei wichtig, dass der Beobachter keinesfalls Einfluss nimmt, sondern so unauffällig wie möglich im Hintergrund bleibt, beobachtet und dokumentiert. Meist ist der beobachtete Nutzer ein Kunde. Vorgehen: Das folgende Vorgehen wird bei der Durchführung dieser Methode empfohlen. Der Beobachter begleitet den Nutzer so lange wie nötig oder möglich, um einen möglichst umfassenden Eindruck des realen Nutzungskontextes zu bekommen. Dabei gilt es vorher festzulegen wie viele Nutzer wie lange beobachtet werden und wie die Dokumentation stattfinden soll. Die Beobachtung eines einzelnen Nutzers für wenige Minuten ist wenig repräsentativ für die gesamte Gruppe der Nutzer. Ziel: Das Ziel ist, zu beobachten, wie sich der Nutzer im realen Nutzungskontext verhält und mit dem Objekt interagiert, das für das Projekt von Interesse ist. Dabei soll aufgedeckt werden, welche Erwartungen der Nutzer hat, welche Auffälligkeiten oder Probleme es gibt, um Verbesserungspotential abzuleiten und in das Projekt einfließen zu lassen Beispiel: Ein Beispiel zu dieser Methode könnte wie folgt lauten: Eine Softwarefirma möchte eines ihrer Produkte grundlegend überarbeiten, beispielsweise ein Tool für Projektmanagement. Um nun Ziele zu formulieren, die man mit der überarbeiteten Software erreichen will, kann es sinnvoll sein, zu beobachten wie die Nutzer mit der aktuellen Software interagieren. Aus den beobachteten Emotionen, Erwartungen und Interaktionen können Fehlerquellen und Verbesserungspotential abgeleitet werden.',	NULL,	'Beteiligte sind der Nutzer und der Beobachter.'),
(15,	'Flash It',	1,	5,	'Beschreibung: Bei der Flash-It Methode wirft eine Testperson einen kurzen Blick auf das Design eines Prototypen und teilt dem Design Thinking Team umgehend mit, welche Verbesserungsvorschläge oder Kritikpunkte auffallen. Dabei liefert das Design Thinking Team keine Erklärung zur Funktionsweise und Bedienung des entwickelten Prototypen mit, die Testperson muss selbstständig versuchen, das Konzept zu begreifen. Die Ergebnisse der Untersuchung werden vom Design-Thinking Team schriftlich festgehalten und anschließend ausgewertet. Vorgehen: Bei der Methode wird folgendermaßen vorgegangen. Zunächst muss der Prototyp grafisch dargestellt werden. Dazu wird das Design entweder ausgedruckt, oder auf einem Computerbildschirm oder Tablet angezeigt. Anschließend bekommt die Testperson dieses zu sehen, ohne dass davor eine Einführung in die Funktionsweise erfolgt ist. Die Gedanken des Testers werden vom Design Thinking Team schriftlich festgehalten und anschließend ausgewertet, um daraus Verbesserungsvorschläge festhalten zu können. Ziel: Das Ziel dieser Methode besteht darin, Prototypen einer grafischen Benutzeroberfläche zu evaluieren und Feedback zur Gestaltung zu erhalten. Durch diese ungefilterte Rückmeldung der Testperson soll das Design fortlaufend verbessert werden. Dadurch, dass keine Erklärung zum entwickelten Prototypen bereitgestellt wird, kann zusätzlich überprüft werden, ob das Design intuitiv und leicht verständlich auf neue Benutzer wirkt. Beispiel: Ein Beispiel für diese Methode wäre die Evaluation der grafischen Oberfläche einer neuen Projektmanagementsoftware durch eine Testperson.',	15,	'Beteiligte sind das Design Thinking Team und mindestens eine Testperson.'),
(16,	'Walt-Disney-Methode',	1,	3,	'Beschreibung: Die Walt-Disney-Methode ist eine rollenspielbasierte Kreativitätstechnik. Hierbei soll ein Problem aus unterschiedlichen Perspektiven betrachtet werden. Die Methode regt die Teilnehmer dazu an, einen Sachverhalt aus einem anderen Blickwinkel zu betrachten, als sie es üblicherweise tun würden und kann sowohl alleine als auch im Team durchgeführt werden. Es werden die drei Rollen Träumer beziehungsweise Visionär, Realist und Kritiker eingenommen. Vorgehen: Bei der Methode wird folgendermaßen vorgegangen. Nachdem der Raum entsprechend der Vorgaben im Abschnitt Hilfsmittel vorbereitet wurde, werden die Rollen den Teilnehmern erklärt:Der Träumer und Visionär hat die folgende Zuständigkeit: Problem enthusiastisch und frei von Zwängen betrachten und kreative Lösungen entwickeln. Motto: Alles ist möglich! Dabei können folgende Fragen helfen:Was möchten Sie tun?Was wäre schön?Wie sieht die ideale Situation aus?Wie verändert sich dadurch die gegenwärtige Situation? Was ist mein Traum dazu?Was fällt mir dazu ein?Was wäre völlig verrückt? Realist hat die folgende Funktionalität: Er ist Gegenpart zur der Sicht des Träumers. Der Realist sieht immer, wie eine Idee realisiert werden kann und welche Schritte dazu notwendig sind. Dabei können folgende Fragen helfen:Welche Infos fehlen noch?Wie kann realisiert werden, was der Träumer sich ausgedacht hat? Was muss getan werden?Wer kann die Idee umsetzen? Wer kann bei der Umsetzung helfen?Welche Fähigkeiten und Qualifikationen können für die Umsetzung eingesetzt werden?Welche Grundlagen sind bereits vorhanden?Was wird für die Umsetzung darüber hinaus benötigt?Woran kann man messen, dass die Vision umgesetzt ist?Kann der Ansatz getestet werden? Die Rolle des Kritikers sieht wie folgt aus: Er hat die Sichtweise des \"Schwarzsehers\", Blick auf die Probleme und Hindernisse. Dabei setzen sie sich jedoch konstruktiv mit den Ideen auseinander und prüfen die Umsetzbarkeit. Ziel ist konstruktive und Kritik und die Identifikation von Fehlerquellen. Dabei können ihm folgende Fragen helfen:Was wurde übersehen? Wie denke ich über den Vorschlag?Was halte ich für möglich? Was soll oder kann nicht realisiert werden?Was kann gar nicht funktionieren und ist einfach nur Träumerei?Was könnte verbessert werden? Was wurde übersehen? Wo liegen die Schwächen?Welches sind die Chancen und Risiken? Die Durchführung sieht wie folgt:Jede Rolle wird etwa 15-20 Minuten behandelt. Zusätzlich ist es sinnvoll einen neutralen Beobachter oder Moderator einzusetzen, der darauf achtet, dass die Regeln eingehalten und die Teilnehmer bei der jeweiligen Sichtweise der aktuellen Rolle bleiben.Man beginnt im ersten Schritt mit der Rolle des Träumers, also begeben sich die Teilnehmer in die Ecke des Träumers. Es ist möglich, dass sich die Teilnehmer zunächst einige Minuten alleine Gedanken machen und die Ergebnisse danach zusammentragen und dokumentieren.Als zweiter Schritt wird in die Ecke des Realisten gegangen um die vorhandenen Ideen entsprechend dieser Rolle zu betrachten und die Ergebnisse dokumentiert.Im Dritten Schritt begeben sich die Teilnehmer in die Ecke des Kritikers und betrachten die Vorschläge der beiden vorangegangenen Rollen aus dieser Sichtweise und dokumentieren ihre Ergebnisse.Abschließend müssen die dokumentierten Ergebnisse zusammengefasst werden. Nun ist es möglich mit den Ergebnissen in anderen Methoden weiterzuarbeiten, oder mit den Ergebnissen weitere Iterationen der Walt-Disney-Methode durchzuführen. Dabei würde wieder der Träumer starten und die zusammengefassten Ergebnisse zu den notwendigen Schritten, Kritik und Fehlerquellen als Grundlage nehmen und dafür neue Ideen entwickeln. Ziel: Ziel ist es, ein Problem aus unterschiedlichen Perspektiven zu betrachten. Dadurch soll einerseits das Problem umfassender betrachtet, vor allem aber sollen aus den veränderten Blickwinkeln neue Ideen entwickelt werden. ',	NULL,	'Beteiligte an dieser Methode ist das gesamte Projektteam. '),
(17,	'Mash Up',	1,	3,	'Beschreibung: Die Mash-Up Methode wird in der Ideenfindungsphase eingesetzt, um neue Konzepte oder Vorschläge zu entwickeln. So soll die Kreativität des Entwicklungsteams gefördert werden. Dazu werden zwei bestehende Ideen, die meist nicht ansatzweise zusammenhängen, miteinander kombiniert, um neue Ideen zu generieren, die anders nicht erdacht werden konnten. Vorgehen: Die Durchführung der Mash Up Methode kann in vier Schritten zusammengefasst werden. Im ersten Schritt wird das Ziel der Idee, die entwickelt werden soll, aufgeschrieben. Dabei kann es sich beispielsweise um Effizienz, Geschwindigkeit oder Aufmerksamkeit handeln. Anschließend wird ein Brainstorming durchgeführt, mit dem Ziel, Unternehmen, Marken und Dienstleistungen zu identifizieren, die dieses Ziel widerspiegeln. Danach wird eine Frage gestellt, die darauf abzielt, zwei völlig unterschiedliche Produkte oder Dienstleistungen zu kombinieren. Dadurch sollen neue Ideen oder Lösungsansätze generiert werden. Abschließend werden die kreierten Ideen in einen Kontext gesetzt und schriftlich festgehalten. Ziel: Das Ziel der Mash-Up Methode besteht darin, neue Ideen zu generieren, indem zwei vorhandene Konzepte oder Ideen miteinander kombiniert werden. Es können auch Ideen generiert werden, die mit anderen Methoden nicht gefunden werden konnten. Die so entwickelten Ideen zeichnen sich durch neue, innovative Lösungsansätze und hohe Kreativität aus. Beispiel: Die Mash-Up Methode kann zum Beispiel eingesetzt werden, um Online-Banking angenehmer und sozialer zu gestalten. Hier könnte die Frage gestellt werden, wie die Facebook Version eines Zahlungsanbieters aussehen würde.',	30,	'Das Design Thinking Team ist beteiligt.'),
(18,	'Suchfeldbestimmung',	1,	2,	'Beschreibung: Bei der Suchfeldbestimmung wird ein gewisses Problem- oder Fragenumfeld aus Sicht der Stakeholder untersucht. Dabei wird mit allen Denkmustern und Vorurteilen die Situation aus unterschiedlichen Sichten betrachtet.  Vorgehen: Das Vorgehen bei der Suchfeldbestimmung wird in drei Phasen unterteilt. In der ersten Phase „Erhebung“ werden Daten und unterschiedliche Sichtweisen über das Thema gesammelt. Hierfür können Interviews, Rollenspiele oder andere Verfahren eingesetzt werden. In der Transformationsphase werden die gewonnen Daten um neue Daten, die aus Kreativitätstechniken, wie z.B. Mindmapping eingeholt werden können. In der letzten Phase „Aufbereitung“ werden bislang ungeklärte Fragestellung nochmal aufgegriffen und im Team behandelt. Die Teilnehmer reflektieren dabei nochmals das Thema und schärfen ihr Bewusstsein. Ziel: Das Ziel der Suchfeldbestimmung ist eine möglichst ganzheitliche, aber neutrale Sicht auf die derzeitige Situation und das Problemumfeld zu erlangen. ',	NULL,	'Beteiligte dieses Verfahrens sind zum Beispiel das Design Thinking Team oder das jeweilige Projektteam.'),
(19,	'Ereignisgesteuerte Prozesskette',	1,	5,	'Beschreibung: Die Ereignisgesteuerte Prozesskette auch abgekürzt EPK genannt, beschreibt einen Geschäftsprozess als zeitlich-sachlogische Abfolge von betriebswirtschaftlichen Aufgaben. Um eine EPK anzufertigen beziehungsweise zu modellieren werden vier Konstrukte benötigt. Einer dieser Konstrukte sind Ereignisse, diese stellen Betriebswirtschaftlich relevante Zustände und Bedingungen  mit einem Zeit-, Daten-, Bearbeitungs-, Benutzer- oder Nachrichtenbezug dar. Zweites Konstrukt sind Funktionen, hierbei  wird eine Tätigkeit zur Unterstützung eines Unternehmenszieles in Verbindung mit Zeit- und Ressourcenverbrauch und ggf. Entscheidungskompetenz dargestellt. Zur Beschreibung der Funktionen wird das jeweilige Objekt der Bearbeitung und ein Verb im Infinitiv der zu verrichtenden Tätigkeit verwendet. Das Dritte Konstrukt stellen Verknüpfungsoperatoren dar. Mit diesem Konstruktor werden Ereignisse und Funktionen verknüpft und dadurch grafisch die Geschäftsregeln abgebildet. Es gibt drei Operatoren AND-, OR- und XOR. Beim vierten Konstruktor, den Kontrollflusskanten,  werden zwischen Ereignissen, Funktionen und Verknüpfungsoperatoren Pfeile gesetzt.  Vorgehen: Es wird folgendermaßen vorgegangen. Ein Teammitglied sammelt zum Beispiel an einem Whiteboard alle Ideenansätze bezüglich des darzustellenden Geschäftsprozesses. Ereignisse und Funktionen werden mit Verknüpfungsoperatoren verbunden und um Kontrollflusskanten ergänzt. Ziel: Das Ziel dieser Methode lautet wie folgt: Die Ereignisgesteuerte Prozesskette stellt eine visuell in einer zeitlich-sachlogische Abfolge einen Geschäftsprozess inklusive der betriebswirtschaftlichen Abfolge dar. Dadurch können betriebliche Vorgänge systematisiert und parallelisiert werden, um zukünftig Zeit und Geld einsparen zu können.',	40,	'Beteiligte sind das Design Thinking Team.'),
(20,	'Power of Ten',	1,	3,	'Beschreibung: Die Methode Power of Ten eignet sich gut für die Ideenfindung. Dabei wird ein Problem auf verschiedene Betrachtungsstufen skaliert. So kann aus einer vergrößerten oder einer verkleinerten Perspektive heraus die Problemlösung angegangen werden. Vorgehen: Das Vorgehen dieser Methode besteht aus vier Schritten. Die Ausgangsfrage wird auf dem Papier oder dem Whiteboard notiert. Anschließend werden in einer Gruppendiskussion alle relevanten Eigenschaften und Restriktionen der Fragestellung gesammelt. Von diesen werden die interessantesten ausgewählt und herauf- bzw. herabskaliert. Anhand dieser Skalierung wird die Ausgangsfrage neu formuliert. Ziel: Das Ziel dieser Technik ist es den Perspektivwechsel auf ein Problem zu unterstützen. Dadurch kann eine Steigerung der Kreativität erreicht werden. Beispiel: Ein Beispiel für diese Methode lautet wie folgt:Für die Aufgabenstellung wird das Projektbudget skaliert. So wird ein Budget von 50€ als untere Schranke bzw. 1.000.000€ als obere Schranke festgelegt. Nun wird die Aufgabe hinsichtlich einer Lösung betrachtet, die mit 50€ bzw. 1.000.000€ zu realisieren ist.',	5,	'Beteiligte sind das Design Thinking Team.'),
(21,	'Bodystorming',	1,	3,	'Beschreibung: Der Einsatz der Methode Bodystorming eignet sich insbesondere für die Sammlung von Ideen, kann aber auch für das Prototyping genutzt werden. Bodystorming stellt eine Erweiterung des Rollenspiels dar, denn es wird eine Situation aus der Perspektive der betrachtenden Person körperlich nacherlebt. Besonders geeignet ist Bodystorming, wenn die Bedürfnisse von Kunden noch nicht vollständig erfasst sind. Vorgehen: Das Vorgehen besteht aus fünf Schritten. Zunächst sind eine genaue Beobachtung und Analyse der nachzustellenden Situation erforderlich. Aus diesen Ergebnissen werden dann spezifische Eigenschaften für das Bodystorming abgeleitet, wie zum Beispiel relevante Personen, Aktivitäten und Rahmenbedingungen. Anschließend folgt der Nachbau sowie das Durchspielen der Situation, welche mit der Videokamera aufgezeichnet wird. Danach geben die Teammitglieder ihre während der Durchführung erlebten Eindrücke und Gefühle wieder. Dann werden die persönlichen Erfahrungen sowie die Videoaufnahmen analysiert. Ziel: Das Ziel von Bodystorming ist das Testen von bestehenden Ideen und das Generieren von neuen Erkenntnissen anhand einer einfachen Umsetzung der Idee und Durchspielen einer konkreten Situation. So sollen die relevanten Eigenschaften für die zu entwickelnde Lösung identifiziert werden. Beispiel: Ein Beispiel für den Einsatz dieser Methode ist, wenn eine Flugzeugkabine nachgebaut wird, um einen Interkontinentalflug zu simulieren. Die Testperson soll dann einen Flugzeugflug besser nacherleben können. ',	60,	'Beteiligte sind das Design Thinking Team. Das Bodystorming Team besteht idealerweise aus vier bis acht Personen. Für das Durchspielen können auch unabhängige Testpersonen, zum Beispiel Kunden, beteiligt werden.'),
(22,	'Rapid Ethnography',	1,	1,	'Beschreibung: Diese Methode sieht vor, dass vor der Entwicklung eines neuen Produktes so viel Zeit wie möglich mit den zukünftigen Nutzern verbracht wird, um deren Bedürfnisse und Anforderungen an das Produkt so genau wie möglich kennen zu lernen. Die Eindrücke der Testperson werden mit Kameras, Audiorekordern oder Schreibmaterial dokumentiert, um diese später auswerten zu können. Die Rapid Ethnography wird in der Definitionsphase des Design Thinking Prozesses eingesetzt, um vor dem Beginn der Entwicklung genau analysieren zu können, welchen Anforderungen das Produkt genügen sollte. Vorgehen: Zunächst begleitet ein Mitglied des Entwicklungsteams den Testnutzer in dessen Umfeld, beispielsweise am Arbeitsplatz. Während der Nutzer seiner Arbeit nachgeht, dokumentiert der Entwickler diese Abläufe, sowie die Äußerungen und das Feedback der Testperson. Anschließend werden die gesammelten Ergebnisse innerhalb des Design Thinking Teams diskutiert und ausgewertet, um daraus Erkenntnisse gewinnen zu können. Ziel: Die Rapid Ethnography zielt darauf ab, zu Beginn des Entwicklungsprozesses genau zu definieren, welche Wünsche und Anforderungen der zukünftige Endanwender an das Produkt stellt. Dadurch wird sichergestellt, dass das zu entwickelnde Produkt die Probleme der Kunden genau adressiert und löst. Beispiel: Sollte beispielsweise eine Software für das Patientenmanagement in Arztpraxen entwickelt werden, sieht die schnelle Ethnographie vor, dass ein Mitglied des Design Thinking Teams für einige Stunden oder Tage den Arbeitsalltag der Mitarbeiter in einer Arztpraxis dokumentiert, um aus den Ergebnissen anschließend Rückschlüsse auf die Anforderungen an die Software ziehen zu können.',	360,	'Mindestens ein Mitglied des Design Thinking Teams, sowie ein zukünftiger Nutzer sind beteiligt.'),
(23,	'Process Mapping',	1,	1,	'Beschreibung: Diese Methode sieht vor, dass zu Beginn des Projektes alle notwendigen Prozesse, sowie deren einzelne Schritte, visuell dargestellt werden. Dazu werden alle an der Entwicklung eines Produktes beteiligten Mitarbeiter konsultiert, um gemeinsam einen Übersichtsplan über alle notwendigen Prozesse zu erstellen. Daher wird die Process Mapping Methode in der Definitionsphase zu Beginn des Projektes eingesetzt, um das Projektmanagement zu unterstützen. Vorgehen: Im ersten Schritt überlegen alle an der Entwicklung Beteiligte, welche Prozesse notwendig sind. Anschließend werden diese Prozesse in einzelne Schritte unterteilt und die einzelnen beteiligten Abteilungen oder Personen besprochen. Die Ergebnisse werden vom Entwicklungsteam schriftlich festgehalten. Ziel: Das Ziel besteht darin, einen vollständigen Plan darüber zu erstellen, welche Prozesse zur Entwicklung eines neuen Produktes durchlaufen werden müssen und aus welchen einzelnen Schritten diese Prozesse bestehen. So kann die Produktentwicklung besser geplant und die Ressourcen besser verteilt werden.',	360,	'Das gesamte Design Thinking Team ist beteiligt.'),
(24,	'I like, I wish, What if',	1,	6,	'Beschreibung: Diese Methode soll jedem Projekt- oder Workshopteilnehmer die Möglichkeit für offenes Feedback geben. Dabei ist die Methode so gestaltet, dass das Feedback in einer kurzen und konstruktiven Form geäußert wird, statt nur negative Erfahrungen oder Meinungen aufzulisten. Vorgehen: Jeder Teilnehmer bekommt am Ende eines Workshops oder einer Arbeitsphase die Möglichkeit, sich kurz und konstruktiv in nur drei Sätzen zu äußern. Durch die Begrenzung auf drei Sätze und deren Gestaltung, wird sich automatisch auf konstruktive Anregungen für die Zukunft konzentriert und jeder ist gezwungen sich kurz zu fassen, statt sich mit einer ausufernden Diskussion über Fehler oder Probleme aufzuhalten.Der Anfang der drei Sätze ist jeweils festgelegt durch \"I like...\", \"I Wish...\", \"What if...\". Jeder Teilnehmer bekommt am Anfang etwas Zeit, sich zu überlegen, wie er diese drei Sätze beenden will. Dabei muss vorher festgelegt werden, auf welchen Aspekt die Teilnehmer sich beziehen sollen. Wird die Methode am Ende eines Workshops angewandt, kann beispielsweise entweder der generelle Ablauf des Workshops oder aber die erarbeiteten Ergebnisse bewertet werden. Am Ende der Testphase eines Prototypen, kann Feedback für den Prototypen oder aber für das Testverfahren von Interesse sein.\"I like...\" oder \"Ich mag...\", dient dabei dazu, dass man mit etwas Positivem beginnt. Jeder ist zunächst mal gezwungen, seinen Blick auf etwas Gutes im vergangenen Workshop oder der Arbeitsphase zu richten.\"I wish...\" oder \"Ich wünsche mir...\", dient dazu, negative Punkte oder konstruktive Kritik einzusammeln. Die Teilnehmer müssen darüber nachdenken, was konkret verbessert werden könnte oder welche Schwierigkeiten sie bei der Anwendung der Ergebnisse im Arbeitsalltag sehen.\"What if...\" oder \"Was wäre wenn...\", dient dazu, dass jeder Teilnehmer einen neuen konkreten Handlungsschritt oder einen Vorschlag für die Zukunft formuliert. Man muss sich nicht zwangsläufig auf das beziehen, was man selber zu \"I wish...\" gesagt hat, es kann auch einfach ein Vorschlag für ein neues Vorgehen oder ein neues Feature für den Prototypen sein.Das so entstandene Feedback wird gesammelt und anschließend wird in der Gruppe diskutiert, ob und wie welche Anregungen umgesetzt oder in den Prototypen integriert werden können. Ziel: Ziel ist es, schnell ehrliches Feedback zu bekommen und eine gesunde Feedback-Kultur in das Projekt oder im Team allgemein zu integrieren. ',	15,	'Beteiligt sind alle, die auch an dem Workshop oder der Arbeitsphase beteiligt waren, an dessen Ende diese Methode zum Abschluss angewandt wird.'),
(25,	'Konkurrent - Komplementor Map',	1,	2,	'Beschreibung: Die Konkurrent - Komplementor Map ist eine Möglichkeit die Position des Unternehmens oder Produktes in seiner Branche sichtbar zu machen. Es wird zudem aufgezeigt, wie Produkte miteinander konkurrieren oder sich ergänzen können. Vorgehen: Zunächst mal muss geklärt werden, was mit Konkurrent und Komplementor gemeint ist.Ein Konkurrent ist jedes Unternehmen oder Produkt, dass mit uns in einem wirtschaftlichen Wettbewerb steht. Auch Etwas, das die Aufmerksamkeit von uns oder unserem Produkt ablenkt, kann als Konkurrent gewertet werden.Ein Komplementor ist jedes Unternehmen oder Produkt, das sich zu uns oder unserem Produkt komplementär, also ergänzend verhält. Beispielsweise sind Kaffeefiltertüten ein Komplementor von Filterkaffeemaschinen. Betrachten kann man hierbei gegebenenfalls auch Unternehmen aus einer anderen Branche. Die Holzindustrie kann beispielsweise als Komplementor der Bauindustrie auftreten.Um diese Methode durchzuführen, müssen die folgenden vier Schritte gemacht werden:Vorbereitung - Als erster Schritt wird das Whiteboard oder der Zettel an der Flipchart in vier Quadranten geteilt. Diese ergeben sich, indem man eine x- und eine y-Achse kreuzt. An die Achsen werden die Eigenschaften geschrieben, nach denen wir unsere Konkurrenten und Komplementoren betrachten wollen. Soll beispielsweise die Altersstruktur betrachtet werden, wird ans das obere Ende der y-Achse \"Viele\" und an das untere Ende \"Wenige\" geschrieben. An das linke Ende der x-Achse kommt \"jung\" und das rechte Ende wird mit \"älter\" beschriftet. Sobald man tiefer im Thema drin ist und einem weitere Ideen für Eigenschaften kommen, können später noch weitere solcher Diagramme erstellt werden.Mapping durchführen - Es ist wichtig Post-Its in zwei verschiedenen Farben zu verwenden, eine Farbe für die Konkurrenten und eine für die Komplementoren und es wird pro Post-It nur ein einziger Konkurrent oder Komplementor aufgeschrieben. Es gibt nun zwei Möglichkeiten dass Mapping durchzuführen und das Verfahren muss für jede Map einzeln durchgeführt werden.Die Erste ist: zunächst schreibt jeder Teilnehmer, ohne Einfluss durch andere Teilnehmer, einige Minuten alleine seine Ideen auf und klebt diese danach an die gewünschte Stelle in der Map. Erst danach wird in der Gruppe über einzelne Ideen diskutiert und die Post-Its neupositioniert oder entfernt, bis ein gemeinsamer Konsens gefunden ist. Dabei sollten Duplikate nicht entfernt werden, da diese aufzeigen können, dass einige Ideen besonders oft vorkommen und damit eventuell besonders wichtig sind.Die Zweite Möglichkeit besteht darin, dass man direkt mit dem gemeinsamen Mapping und Diskutieren startet. Dadurch kommt man schneller zu einem Konsens. Allerdings fallen dadurch eventuell aussagekräftige Duplikate weg und schüchterne Teilnehmen melden sich eventuell nicht zu Wort, obwohl sie wichtige Beiträge leisten könnten.Eigene Position bestimmen und Handlungsschritte diskutieren -  Nachdem das Mapping für alle Maps durchgeführt worden ist, gehen wir in der Gruppe nun jede Map einzeln durch und positionieren unser Produkt oder unser Unternehmen in der Map. Über die Positionierung sollte ausreichend diskutiert werden, sodass eine möglichst realistische Position gefunden wird. Wenn die eigene Position in einer Map gefunden ist, wird in der Gruppe darüber diskutiert, wie die Produkt- oder Unternehmenslandschaft in dieser einen Map aussieht, bevor sich der nächsten Map gewidmet wird: Welche Chancen oder Risiken lassen sich erkennen, welche Veränderungen sind in der Zukunft zu erwarten und wie beeinflussen sie die Map? Aus dieser Diskussion sollen mögliche Handlungsschritte erarbeitet werden. Nachbereitung und Handlungsschritte durchführen - Ist die Diskussion beendet, müssen die Erkenntnisse in einer für alle zugänglichen Form dokumentiert werden. Wie diese Form aussieht, liegt bei Ihnen. Denkbar ist beispielsweise ein Spreadsheet das im entsprechenden Ordner der zentralen Dokumentenverwaltung des Unternehmens liegt. Zudem wird eine Auflistung der beschlossenen Handlungsschritte benötigt. Idealerweise werden die einzelnen Schritte direkt an Verantwortliche übertragen, um die Durchführung sicherzustellen. Ziel: Konkurrenten und oder Komplementoren eines Produktes oder Unternehmens erkennen und verstehen.',	45,	'Beteiligt ist neben einem Moderator das Kernteam eines Projektes. Üblicherweise sind das der Projektmanager und die Leiter des Design und des Technik- und/oder Entwicklungsteams. Wenn es möglich ist, kann die Teilnahme eines End-Users hilfreich sein.'),
(26,	'Kopfstandmethode',	1,	1,	'Beschreibung: Bei der Kopfstandmethode handelt es sich um eine Form des Brainstormings. Doch statt optimistisch an eine Problemstellung heranzugehen wird das Gegenteil getan. Man nimmt sich einer Problemstellung an und stellt diese sprichwörtlich auf den Kopf, indem man nicht nach einer Lösung sucht, sondern zunächst erstmal vom schlimmsten Szenario ausgeht. Vorgehen: Die eingehende Problemstellung bzw. Frage wird zunächst in ihr Gegenteil umformuliert. Anschließend wird im Rahmen einer Gruppendiskussion potentielle Ideen zu der umformulierten Negativ-Frage gesammelt. Zum Schluss wird jede der gefundenen Ideen wieder in einen positiven Ansatz herumgedreht und als Quelle für die Generierung einer Problemlösung genutzt.  Ziel: Das Ziel ist es die Kreativität des Teams zu fördern, um so schnell zu neuen und im ersten Hinblick vielleicht nicht offensichtlichen Problemlösungen zu kommen.  Beispiel: Problemstellung: Wie reduzieren wir die Fehlerquote in der Achsproduktion?Umkehrung: Wie erhöhen wir die Fehlerquote in der Achsproduktion?Mögliche Idee die im Rahmen eines freien Brainstormings für die Negativ-Frage gefunden wurde: Wir vergeben einen Preis für die meisten Fehler.Umkehrung der gefunden Idee: Wir belohnen bei Einhaltung einer positiven Erfolgskennziffer. ',	30,	'Die Methode sollte am besten im Team verwendet werden, kann aber auch allein genutzt werden. Bei der Durchführung im Team ist ein Moderator zur Koordination der Diskussion von Vorteil.'),
(27,	'How-Wow-Now Matrix',	1,	4,	'Beschreibung: Die How-Wow-Now Matrix wird verwendet um Ideen hinsichtlich ihrer Umsetzbarkeit und Innovation zu bewerten. Sie eignet sich besonders im Anschluss an die divergierende Ideenfindungsphase. Aus einem großen Pool an Ideen können mit Hilfe der Matrix die Ideen strukturiert sortiert werden, sodass am Ende erkennbar ist, welche Ideen besonders geeignet sind weiterverfolgt zu werden. Vorgehen: Zuerst wird eine zwei-mal-zwei Matrix  angefertigt. Die Y-Achse bezieht sich auf die Originalität, während die X-Achse die Machbarkeit darstellt. Anschließend wird die Matrix in vier gleich große Quadrate geteilt bzw. eingezeichnet. Diese werden entsprechend der Abbildung in Now, How, und Wow beschriftet. Sofern die Methode im ganzen Team angewendet wird, stimmt demokratisch ab und ordnet die vorliegenden Ideen den einzelnen Quadraten zu. Das Ergebnis wird anschließend im Team diskutiert. Die Now-Ideen sollten direkt umgesetzt oder als Reserve behalten werden. Die How-Ideen sollten weiter erforscht werden, um einen Weg zu finden sie umzusetzen. Die Wow-Ideen sollten sofort angegangen und die nötigen Handlungsschritte besprochen werden. Ideen, die nicht in eines dieser drei Quadrate passen, können verworfen werden. Ziel: Das Ziel der How-Wow-Now Matrix ist, Ideen hinsichtlich ihrer Umsetzbarkeit und Innovation zu bewerten. Beispiel: Das Marketingteam eines Unternehmens möchte die gesammelten Ideen für neue Social-Media Kampagnen gegeneinander abwägen und aus diesen die besten zwei Ideen herausarbeiten. Die gesammelten Ideen werden in die How-Wow-Now Matrix bezüglich ihrer Originalität und der Machbarkeit einsortiert. Eine besondere Rahmenbedingung im Hinblick auf die Machbarkeit ist hier das festgelegte Budget. ',	10,	'Beteiligt ist das in der Regel das gesamte Design Thinking Team oder zumindest Teilnehmer aus allen relevanten Gruppen.'),
(28,	'Mindmapping',	1,	3,	'Beschreibung: Eine Mindmaps ist eine gedankliche Landkarte von Ideen. Sie eignet sich als erster Schritt für die Entwicklung von Designs und bei der Findung von Ideen. Ihr Einsatz kann in jeder Phase des Projekts sinnvoll sein. Gedankliche Zusammenhänge werden bildlich dargestellt und werden so sichtbar. Vorgehen: Im Mittelpunkt sollte mit dem zentralen Begriff oder Gedanken begonnen werden. Dieser kann durch eine Umrahmung hervorgehoben werden. Danach sollten die ersten Stichworte aufgeschrieben werden, die einem einfallen. Integriert werden können für einen visuell ansprechenden Eindruck gegebenenfalls auch Bilder oder Symbole. Hauptknoten sind wichtige Schlüsselbegriffe oder Bilder und Symbole mit entsprechend wichtiger Bedeutung. Alle weiteren Begriffe und Elemente sind die übrigen Knoten. Sollte es zwischen ihnen eine Verbindung geben, dann sollten diese verbunden werden, um die Beziehung herauszustellen. Nach Bedarf kann visuell die Verbindungen durch dickere oder gestrichelte Linien und/oder Farben erfolgen. Ziel: Ziel ist es hierbei die Beziehungen, die zwischen Ideen herrschen, erforschen zu können und dabei zu helfen, dass Ideen und Denkansätze gefestigt werden. Sie dienen zusätzlich zur Zusammenfassung und Verbildlichung von Information innerhalb der Ideenphase. Beispiel: Für eine neue Werbekampagne soll nach einer neuen Idee gesucht werden. Ziel ist es, dass diese den Absatz mittel bis langfristig steigert. In die Mitte der Mindmap steht somit \"innovative landesweite Werbekampagne\". Davon ausgehend werden neue Ideen gesammelt und strukturiert.',	10,	'Es ist sinnvoll das ganze Design Thinking Team in diese Methode einzubeziehen, oder zumindest Teilnehmer aus jeder relevanten Gruppe.'),
(29,	'Dotmocracy',	1,	4,	'Beschreibung: Bei dieser Methode handelt es sich um einen demokratischen Auswahlprozess von Ideen, auch Dot-Voting genannt. Dieser Auswahlprozess findet in der Regel innerhalb der Ideenfindungsphase des Design Thinkings statt. Vorgehen: Zuerst werden die gesammelten Ideen gut sichtbar für das Design Thinking Team festhalten, beispielsweise an einer Tafel oder einer Pinnwand.Im nächsten Schritt händigt der Moderator an alle Beteiligten eine vorher bestimmte Anzahl an Klebepunkten,  welche dann als Stimmen gelten, aus. Jedes Teammitglied erhält hierbei die gleiche Anzahl an Stimmen.Im dritten Schritt kleben die Gruppenmitglieder die vorher ausgeteilten Klebepunkte auf die von ihnen favorisierten Ideen.Die Ideen werden anschließend nach der Anzahl ihrer Punkte sortiert und somit in eine Reihenfolge gebracht.Auf Basis dessen, können die Ideen mit den meisten Klebepunkten bzw. Stimmen diskutiert und weiterentwickelt werden.Die übrigen Ideen mit weniger Punkten dienen als Reserve und die Ideen ohne Stimme sollten verworfen werden. Ziel: Ideen aus der Brainstorming Phase werden gemeinsam in der Gruppe bewertet mit dem Ziel, die im Team beliebteste Ideen demokratisch zu ermitteln. Somit kann ein großer Pool an Ideen einzugrenzt und vorzuselektieren werden.  Beispiel: Für die Festlegung einer neuen Marketingstrategie sollen aus den vielen Ergebnissen des Brainstormings, drei Ideen zur weiteren intensiven Bearbeitung herausgesucht werden. Jeder der in diesem Prozess beteiligten Personen erhält von einem nicht der Gruppe angehörigen Moderator zwei Klebepunkte. Diese Klebepunkte werden auf die im Vorfeld an einer Pinnwand angebrachten Ideen zur Abstimmung geklebt. Jeder der Teammitglieder stimmt damit für die von ihm priorisierte Idee ab. Die Ideen werden anschließend nach der Anzahl ihrer Punkte sortiert und somit in eine Rangfolge gebracht. Auf Basis dessen, können die drei Ideen mit den meisten Klebepunkten bzw. Stimmen diskutiert und weiterentwickelt werden. Die übrigen Ideen mit weniger Punkten dienen als Reserve und die Ideen ohne Stimme sollten verworfen werden.',	10,	'Beteiligt sind das Design Thinking Team und ein Moderator der entweder eine neutrale außenstehende Person ist oder ein Mitglied des Design Thinking Teams.'),
(30,	'Emotional Journey Map',	1,	2,	'Beschreibung: Bei der Emotional Journey Map wird der Verlauf der Nutzeremotionen beim Verwenden des Produktes grafisch dargestellt. Das dient dazu, den Nutzer besser kennenzulernen um das Produkt aus Kundensicht zu verbessern.  Vorgehen: Entscheide dich für den Kundentyp und das Szenario, welche du untersuchen möchtest. Idealerweise eine Persona auswählen.Definiere die Aktionen und Handlungsschritte innerhalb dieses Szenarios.Bestimme den emotionalen Status der Persona während der einzelnen Handlungsschritte. Setze hierbei gegebenenfalls Ergebnisse aus der Recherche ein.Verbinde die einzelnen Bewertungspunkte zu einer Linie.Analysiere die Tiefpunkte der Journey und generiere Ansätze zur Verbesserung. Ziel: Eine Emotional Journey Map verbildlicht die zu untersuchende Customer Journey. Dabei geht es nicht darum die Interaktion des Kunden mit dem Produkt zu untersuchen, sondern darum, den emotionalen Status des Kunden in jeder Phase der Nutzung zu erfassen. Auf diese Weise soll verstanden werden, was den Kunden zufrieden stellt und was ihn enttäuscht, um das Produkt oder das Nutzererlebnis aus Kundensicht verbessern zu können.',	30,	'Beteiligt ist das ganze Design Thinking Team.'),
(31,	'6 W-Methode',	1,	1,	'Beschreibung: In der 6-W Methode werden grundlegende Fragen bezüglich einer Situation oder eines Szenarios gestellt. Behandelt werden in der Regel die Fragen Wer? Warum? Was? Wann? Wo? Wie? Vorgehen: Formuliere Fragen mithilfe von 6 W-Fragen.Identifiziere die beteiligten Menschen.Identifiziere betreffende Handlungen und liste sie auf.Identifiziere alle relevanten Orte und liste sie auf.Identifiziere entscheidende Zeitfaktoren und liste sie auf.Identifiziere Handlungsgründe und liste sie auf.Identifiziere, wie Ereignisse in der Vergangenheit abliefen und liste sie auf.Untersuche die Verbindungen und Wirkungsbeziehungen zwischen den gewonnenen Informationen. Ziel: Eine noch neue Situation soll einschätzbar werden und dem Team helfen, ein gemeinsames Grundverständnis für die Situation zu erlangen.',	15,	'Beteiligt ist das gesamte Design Thinking Team.'),
(32,	'Ursache-Wirkungs-Diagramm',	1,	1,	'Beschreibung: Das Ursache-Wirkungs-Diagramm wird verwendet, um ein Problem nach seinen Einflüssen und Ursachen zu analysieren und als Ergebnis ein logisches Schema aufzubauen, um diese darzustellen. Vorgehen: Beim Ursache-Wirkungs-Diagram geht man in folgenden sieben Schritten vor: 1. Problemformulierung: Zu Beginn wird ein horizontaler Pfeil gezeichnet, an deren Spitze das möglichst präzise definierte Problem steht. Schräg auf diesen Pfeil stoßen die Pfeile der festzulegenden Haupteinflussgrößen.2. Festlegung der Haupteinflussgrößen: Ursprünglich wurden die Haupteinflussgrößen wie Material, Maschine, Methode, Mensch und Milieu (Umfeld) betrachtet. Heute werden sämtliche notwendige Einflussgrößen ergänzt.3. Sammeln möglicher Haupt- und Nebenursachen: Hier werden mithilfe von Kreativitätstechniken potenzielle Problemursachen gesammelt, welche in Haupt- und Nebenursachen gegliedert werden.4. Bewertung und Einordnung: In diesem Schritt werden die gefundenen Ursachen nun den vorher definierten Haupteinflussgrößen zugeordnet. Dabei werden die Hauptursachen mit abermals horizontalen Pfeilen, die auf den Pfeil der jeweiligen Haupteinflussgröße stoßen, dargestellt. Nebenursachen werden wiederum mit schrägen Pfeilen der jeweiligen Hauptursache zugeordnet. Auf diese Weise entsteht letztlich ein verzweigtes Diagramm das an Fischgräten erinnert.Ursachen die keiner Haupteinflussgröße zugordnet werden können, werden entweder weiter zerlegt oder es muss eine neue Einflussgröße hinzugefügt werden.5. Auf Vollständigkeit prüfen: Prüfen, ob alle möglichen Ursachen berücksichtigt wurden.6. Auswertung: Die Auswertung erfolgt, indem die Ursachen nach ihrer potentiellen Einflussnahme gewichtet werden und die wahrscheinlichste Ursache ausgewählt wird, um einen Maßnahmenplan ableiten zu können, der möglichst effizient ist.7. Prüfung der wahrscheinlichsten Ursache: Sachverständige des betroffenen Bereichs analysieren die als wahrscheinlichste identifizierte Ursache auf Richtigkeit für das am Anfang aufgestellte Problem. Ziel: Das Ziel ist es analytisch nach den Ursachen eines Problems suchen. Das Problem wird solange in seine Ursachen zerlegt, bis die Wurzel des Problems erreicht ist.',	120,	'Projektteam und sachverständige Personen aller betroffenen Bereiche sollten beteiligt werden. Dazu zählen auch externe Personen wie beispielsweise Lieferanten oder Kunden.'),
(33,	'Brainwriting',	1,	3,	'Beschreibung: Beim Brainwriting handelt es sich um ein lautloses Brainstorming. Wie der Name sagt, wird die Idee nicht laut diskutiert, sondern von den Teilnehmern in Schriftform festgehalten. So erstellt jeder Teilnehmer einen oder mehrere Zettel mit seinen Ideen, die anschließend in der Gruppe ausgetauscht werden. So entstehen wiederum neue Ideen, die ebenfalls schriftlich festgehalten werden. Vorgehen: Zuerst wird die Fragestellung nach dem Schema \"Wie können wir...?\" durch den Moderator formuliert. Danach werden je Teilnehmer drei Ideen als Antwort auf die Fragestellung gesammelt. Anschließend gibt es fünf Durchläufe, in denen die Zettel weitergegeben und ergänzt werden. Zum Schluss werden die Ergebnisse in der Gruppe präsentiert, bewertet und diskutiert. Ziel: Das Ziel des Brainwriting ist es, gemeinsam mit anderen Mitgliedern, neue Ideen zu generieren. Bei dieser Methode ist es möglich, alle Teilnehmer gleich zu behandeln und niemanden zu überhören.',	20,	'Das gesamte Design Thinking Team ist beteiligt, sowie gegebenenfalls andere Mitglieder des Projektteams'),
(34,	'Personas',	1,	2,	'Beschreibung: Die Personas Methode dient dazu, die eigenen Nutzer genauer kennen zu lernen und zu verstehen, was sie antreibt. Dazu werden Portraits von fiktiven Personen erstellt, die stellvertretend für eine Zielgruppe stehen. In diese Steckbriefe können auch Informationen von realen Personen einfließen und sie können unterschiedlich detailliert gestaltet werden. Vorgehen: Zuerst werden reale Informationen über Nutzer und weitere Interessensgruppen erhoben. Dazu werden Interviews geführt, die Nutzer begleitet oder Informationen über die Ethnographie herangezogen. Anschließend werden die Befragten in einzelne Gruppen unterteilt, zu denen im nächsten Schritt Personas erstellt werden. Dabei ist es wichtig, Stereotypen zu vermeiden. Zum Schluss werden den Personas Namen gegeben und diese um ein Profilfoto ergänzt. Es werden also fiktive Charaktere aus realen Daten entwickelt. Dabei repräsentiert beispielsweise die Primärpersona die Hauptzielgruppe eines Produktes. Die Primärpersona passt mit ihren ethnographischen Daten, Hobbys und Charakterzügen zu den realen Personen der Hauptzielgruppe, ohne dass es einen bestimmten Menschen gibt auf den alle Daten der Primärpersona passen. Ziel: Durch die Steckbriefe soll es den Projektteilnehmern erleichtert werden, ein konkretes Bild von der Zielgruppe zu generieren und um sich mit dieser emotional verbunden zu fühlen. Es soll die Frage beantwortet werden \"Wer sind meine Nutzer und was treibt sie an?\"-',	60,	'Neben dem Design Thinking Team ist die Evaluation durch weitere Beteiligte des Projektes möglich.'),
(35,	'Storyboard',	1,	2,	'Beschreibung: Die Idee hinter dem Storyboard ist es, ein Konzept in einer Geschichte durch Bilder, Zeichnungen und Text zu beschreiben. Die Beschreibung ist dabei abhängig von dem Kontext, dem Produkt und der Teamkonstellation. Vorgehen: Zuerst werden das Thema und die Botschaft konkretisiert, die durch die Geschichte ausgedrückt werden sollen. Anschließend werden die Akteure der Geschichte festgelegt. Danach wird die gesamte Geschichte in ein Drehbuch geschrieben und in einzelne Abschnitte, also Szenen, unterteilt. Im nächsten Schritt muss das Team sich für eine geeignete graphische Darstellung der Szenen, beispielsweise mit Zeichnungen oder Fotos entscheiden. Abschließend wird für jede Szene ein passendes Bild angefertigt. Ziel: Das Storyboard wird eingesetzt, um die Anschaulichkeit des Konzeptes zu verbessern und Lösungsräume sichtbar werden zu lassen. Das geschieht dadurch, dass die Idee oder die Nutzererfahrung mit dem Produkt in die zukünftige Umwelt eingebettet wird. So fallen mögliche Schwachpunkte und Verbesserungsmöglichkeiten auf und können diskutiert werden. Des Weiteren wird die Perspektive des zukünftigen Nutzers dargestellt und nachvollziehbar gemacht.',	60,	'Das gesamte Design Thinking Team ist in die Erstellung eines Storyboards involviert.'),
(36,	'Wizard of Oz',	1,	5,	'Beschreibung: Mit der Methode Wizard of Oz werden Funktionalitäten an einem Nutzer getestet. Diese Funktionalitäten sind jedoch noch gar nicht in der Lösung umgesetzt oder implementiert. Der Nutzertest ist somit eine Simulation der eigentlichen Funktionen, bei dem die Probanden denken, dass sie mit dem System interagieren. Die fiktiven Funktionalitäten werden jedoch durch das Design Thinking Team, der \"Wizard of Oz\", umgesetzt.Für einen erfolgreichen Einsatz dieser Methode sind gewisse Voraussetzungen zu erfüllen:Nutzer und \"Wizard\" müssen sich am selben Ort befinden.Der \"Wizard\" muss den Nutzer und seine Aktivitäten sehen können (z. B. über Video), um angemessen schnell reagieren zu können.Diese Methode kann neben der Testphase auch in der Prototypphase eingesetzt werden. Vorgehen: Es wird in folgenden drei Schritten vorgegangen:Bestimmung der Funktionalität, die getestet werden soll.Möglichst realistisch umgesetzte Simulation der Funktionalität.Durchführung der Tests und Beobachtung des Verhaltens der Nutzer.  Ziel: Das Ziel dieser Methode ist der Test von Funktionalitäten und ihrem Nachweis der Notwendigkeit, ohne jedoch zeitlichen und finanziellen Aufwand in deren Umsetzung zu investieren.',	60,	'Beteiligt ist das Design Thinking Team als \"Wizard\" und die Nutzer.'),
(37,	'Testing Card',	1,	6,	'Beschreibung: Die Methode Testing Card wird in der Phase Testen angewendet. Es werden auf Karten gezielte Fragen bezüglich möglicher Tests und des Prototypen selbst festgehalten. Mittels dieser Karten sollen in den Tests die bedeutendsten Faktoren berücksichtigt werden. Zudem soll durch die Karten auch gewährleistet werden, dass diese Faktoren bei weiteren Testdurchläufen nicht vernachlässigt werden. Vorgehen: Es wird in den folgenden drei Schritten vorgegangen:Erstellen der Karten mit geeigneten Fragen bezüglich der Faktoren des Testszenarios. Diese Fragen werden nun vor jedem Testdurchlauf erneut beantwortet.Darauf aufbauend wird dann das Skript für das Testszenario entworfen. Ziel: Die Methode Testing Card soll als eine Art Leitfaden bei der Entwicklung von Testszenarien für einen Prototypen helfen. Beispiel: Mögliche Fragen auf den Karten können sein:Wie würdest du den Prototypen in einem Satz beschreiben?Wer ist der ideale Nutzer?In welchen Kontext sollen sie sich während dem Test hineindenken?Welche Art von Feedback wird benötigt, um weiterzukommen?',	NULL,	'Beteiligt ist das gesamte Design Thinking Team.'),
(38,	'Dark Horse Prototype',	1,	5,	'Beschreibung: Der Name dieser Methode entstammt dem Pferdesport. Dort wird jenes Pferd als \"dark horse\" bezeichnet, welchem vor dem Rennen nur Außenseiterchancen auf den Sieg zugerechnet werden, gleichzeitig aber auch den höchsten Gewinn erzielt. Der Hintergedanke bei der Dark Horse Prototype-Methode ist es, dass konsensorientierte Lösungen bereits bestehenden Lösungen sehr ähnlich sind. Polarisierende Lösungen hingegen haben ein größeres Potenzial, zu radikalen Innovationen heranzuwachsen. Wenn auch der Prototyp dann nicht vollends in der Praxis umzusetzen ist, so können jedoch einzelne Elemente davon übernommen werden. Vorgehen: Vorgegangen wird in den folgenden drei Schritten:Zunächst werden im Team die interessantesten und herausforderndsten Ideen ausgewählt, die in der vorherigen Ideenfindungs-Phase entwickelt wurden.Dann werden diese Ideen in einfachen, physischen Prototypen umgesetzt.Die Stärken, Schwächen und Potentiale dieser Prototypen werden im Team analysiert und diskutiert. Ziel: Das Ziel dieser Methode ist es, Lösungen zu entwickeln, die ungewöhnlich und sogar unrealistisch sind. So soll das Design Thinking Team nicht nur im bestehenden Geschäftsmodell denken und durch den unternehmerischen Kontext im Handeln beschränkt werden, sondern durch freies Denken komplett neue Lösungen finden.',	60,	'Beteiligt ist das Design Thinking Team.'),
(39,	'Interviews',	1,	1,	'Beschreibung: Interviews unterstützen den Design Thinking Prozess beim Aufbau eins Verständnisses einer Problemstellung. Sie stellen eine arrangierte Konversation zwischen dem Interviewer und dem Interviewten dar. Hierbei wird basierend auf einem vorab angefertigten Interviewleidfaden Informationen durch gezieltes Fragen durch den Interviewer erhoben. Dabei sollte darauf geachtet werden, dass der Interviewer neutral agiert und stets offene Fragen stellt, um die Antworten des Befragten nicht zu beeinflussen. Vorgehen: Vorgegangen wird in den folgenden sechs Schritten:Definition relevanter Interviewpartner: Wer ist meine Zielgruppe?Entwicklung eines InterviewleitfadensOrganisation der Interviews Einladung des Interviewpartners zum Interview.Durchführung des Interviews: Hierbei sollte sich der Interviewer an die vorher konzipierten Fragen orientieren.Aufbereitung der gesammelten Informationen im Anschluss des Interviews. Ziel: Das Ziel von Interviews ist es, durch gezieltes Fragen das Umwelt des Nutzers, konkret seine Bedürfnisse und Handlungen zu analysieren und zu verstehen. Ein weiteres Ziel, dass mithilfe von Interviews verfolgt werden kann, ist für Annahmen und Hypothesen aus der Theorie Bestätigung bzw. eine Widerlegung zu finden. Beispiel: Beispielfragen könnten etwa wie folgt aussehen.Erzähl mir bitte die Geschichte als du…Was fällt dir hierzu konkret ein?Wie würdest du die Situation bewerten?Was war deiner Meinung nach, der Grund für diese Reaktion?Warum? ',	15,	'Beteiligt sind Interviewer und Interviewteilnehmer.'),
(40,	'5-Warum-Technik',	1,	2,	'Beschreibung: Die 5-Warum-Technik ist ein einfaches und effektives Werkzeug, um die Ursache eines Problems zu verstehen. Aus diesem Grund eignet sich die Methode insbesondere zu Beginn des Designprozesses, um eine klare Problemdefinition zu erhalten. Die von Sakichi Toyata entwickelte Technik basiert auf dem einfachen Grundprinzip fünf Mal zu Fragen „Warum“ ein Problem auftretet.  Vorgehen: Zunächst wird das Problem allein oder im Team betrachtet und eine Problemstellung wird definiert. Anschließend wird iterativ auf die Problemstellung bzw. im nächsten Schritt auf die gefundene Ursache nach dem Warum gefragt. Die Antworten, also die gefundenen Ursachen sollten dabei auf Fakten und realen Daten beruhen. Das wiederholte Fragen nach dem Warum wird mindestens Fünf Mal wiederholt, kann aber nach Belieben weitergeführt werden, bis der Kern des Problems gefunden wird. Ziel: Das Hauptziel der 5-Warum-Technik ist die Grundursache eines Problems herauszukristallisieren, um somit das Problem von der Wurzel aus angehen zu können. ',	15,	'Die Methode kann allein sowie im Team im Rahmen einer Diskussionsrunde angewendet werden. Erfolgt die Anwendung im Team, so ist ein Moderator, der den Prozess leitet von Vorteil.'),
(41,	'Empathy-Map',	1,	1,	'Beschreibung: Eine Empathy-Map ist eine visuelle Methode, die insbesondere am Anfang eines Designprozesses zum Einsatz kommt. Hierbei wird eine Problemstellung aus Sicht eines Benutzers betrachtet, um somit ein besseres, im Team einheitliches Verständnis der Endnutzer zu erhalten. Dieses erlangte Wissen wird einfach visuell abgebildet und soll als Basis für spätere Entscheidungsprozesse dienen. Eine Empathy-Map wird in der Regel in vier Quadranten (sagen, denken, machen und fühlen) unterteilt, welche jeweils Aussagen über die Benutzererfahrung zu einer dieser genannten Aspekte beinhaltet. \"Sagen\" bezieht sich dabei darauf, was ein Nutzer beispielsweise in einem Interview gesagt hat. Im Quadranten \"Denken\" werden die Gedanken des Nutzers festgehalten. Hierbei ist es wichtig zu betrachten, was für den Nutzer im Kontext der Problemstellung besonders von Bedeutung ist. Im Quadranten \"Machen\" werden die konkreten Handlungen des Benutzers niedergeschrieben. Im letzten Quadranten, dem \"Fühlen\", wird der emotionale Zustand des Benutzers beschrieben. Vorgehen: Vorgegangen wird in den folgenden sechs Schritten:Definition des Umfangs und der Ziele: Welcher Benutzer oder welche Person soll abgebildet werden? Was ist der Zweck für die Erstellung der Empathy-Map? Sollen z.B. Interviews mithilfe des Mapping ausgewertet werden?Bereitstellung der benötigten Hilfsmittel.Sammeln von Inputdaten, welche als Grundlage zur Erstellung der Empathy-Map dienen sollen: Hier sollten qualitative Daten verwendet werden, z.B. Interviews oder Feldstudien.Beginn der eigentlichen Erstellung der Empathy-Map: Hier werden basierend auf den gesammelten Daten Stichpunkte als Sticky notes, die an die vier Quadranten der Empathy-Map gerichtet sind, erstellt. Diese werden anschließend an das Whiteboard geheftet.Clustering der Sticky Notes: Das Team geht gemeinsam durch alle Notizen und fasst ähnliche Punkte eines Quadranten zu einem Cluster zusammen. Anschließend werden die Cluster als Team evaluiert.Verfeinerung der Empathy-Map:Die Empathy-Map kann basierend auf dem Use Case durch weitere Quadranten ergänzt werden. Außerdem können die Schritte bei Akquise neuer Daten wiederholt werden, um somit eine Verfeinerung der Map zu erhalten. Ziel: Die Visualisierung einer Empathy Map verfolgt folgende drei Ziele:Die Einstellung und das Verhalten eines Benutzers oder einer Benutzergruppe einfach und kompakt darstellen. Ein besseres und tiefergehendes Verständnis der Endnutzer und ihrer Ziele und Herausforderungen erhalten. Im Team ein einheitliches Verständnis der Endnutzer aufbauen.',	30,	'Diese Methode kann alleine oder in einem Team aus den Projektteilnehmern durchgeführt werden.'),
(42,	'Analogous Empathy',	1,	2,	'Beschreibung: Um Innovationen in einem gewünschten Bereich zu erzielen, werden mit der Analogous Empathy Methode Lösungen und Experten aus ähnlichen Bereichen betrachtet oder befragt. Vorgehen: Bei der Analogous Empathy Methode wird folgendes Vorgehen angewendet. Zunächst muss im Team besprochen werden, welche Parameter die Umgebung ausmachen, in der wir ein Problem lösen wollen. Als nächster Schritt muss bestimmt werden, auf welche Parameter oder Aspekte wir uns konzentrieren wollen. Danach wird beispielsweise Brainstorming verwendet um Umgebungen mit ähnlichen Parametern zu identifizieren. Nun können Lösungen aus den identifizierten Umgebungen recherchiert werden. Idealerweise aber werden Menschen, die in diesem Umgebungen arbeiten, interviewt oder in ihrer Umgebung beobachtet. Die gefundenen Lösungen oder Beobachtungen können nun im Team auf ihre Übertragbarkeit auf das eigene Problem betrachtet werden. Dabei ist es sehr sinnvoll seine Erfahrungen beim Shadowing oder Interviews auch visuell zu dokumentieren, also beispielsweise mit Fotos. Das sorgt beim Rest des Teams bei der Besprechung für ein besseres Verständnis. Ziel: Das Ziel ist es, erfolgreiche Konzepte aus ähnlichen Bereichen auf den gewünschten Bereich zu übertragen. Beispiel: Ein Beispiel für die Methode könnte wie folgt lauten. Soll beispielsweise eine technische Lösung für ein Problem im Krankenhaus erarbeitet werden, ist es notwendig andere Bereiche zu betrachten, die ähnliche Parameter haben. In diesem Fall sind hoher Zeitdruck und Ausfallsicherheit die bestimmenden Parameter, welche man unter anderem in einer Feuerwehrwache vorfinden kann.',	180,	'Beteiligt sind Mitglieder aus dem Projektteam und eventuell Experten aus den ausgewählten Bereichen.'),
(43,	'Collective Notebook',	1,	3,	'Beschreibung: Diese Methode ist eine auf einen längeren Zeitraum ausgerichtetete Kreativtechnik, bei der die Teilnehmer bei der Erarbeitung nicht am selben Ort sind. Die Teilnehmer sollen bei dieser Methode über einen längeren Zeitraum von einigen Tagen oder Wochen ein Notizbuch mit sich tragen, indem sie Ideen und Gedanken zur Problemfragestellung notieren. Nach einer vorher festgelegten Deadline werden die Ideen und Gedanken ausgetauscht und diskutiert. Vorgehen: Das Vorgehen dieser Methode ist in vier Schritten zusammengefasst. Zuerst werden alle Gruppenteilnehmer über das Vorgehen und die Problemfragestellung unterrichtet. Jedes Mitglied bekommt ein Notizbuch. Dannach sollen die Gruppenmitglieder ihre Ideen und Anregungen zur Ausgangsfrage notieren. Am Ende der Durchführungszeit bzw. zu einer Deadline sollen alle Teilnehmer eine Zusammenfassung ihrer Notizen erstellen, um diese dann  vorgestellen und die Ideen zu diskutieren. Anschließend werden zusammen in der Gruppe Ideenfindungen erarbeitet.  Ziel: Das Ziel dieser Methode ist es die Ideenvielfalt durch die Betrachtung aus verschiedenen Blickwinkeln zu steigern. Beispiel: Ein Beispiel für eine Problemstellung wäre das Finden neuer Ansätzen für eine Marketingkampagne. Ein Projektteam würde sich jetzt aufteilen und jeder würde individuell Lösungen ausarbeiten, die anschließend wieder miteinander verglichen werden.',	2400,	'Beteiligte sind das Design Thinking Team.'),
(44,	'Service-Blueprint',	1,	5,	'Beschreibung: Der Service-Blueprint ist eine auf Dienstleistungen ausgerichtete Methode, um den Leistungserstellungsprozesses zwischen Kunden und Dienstleister mit allen dafür notwendigen Prozessschritten, Ereignissen und Entscheidungen zu visualisieren. Er erweitert die Customer Journey durch die Einbeziehung von unterstützenden Technologien, Daten und Kundeninteraktionen Vorgehen: Beim Vorgehen ist im ersten Schritt zu bestimmen, welcher konkrete Leistungserstellungsprozess im Folgenden optimiert beziehungsweise gestaltet werden soll und wo die Prozessgrenzen liegen. Zudem ist ein geeignetes Team festzulegen. Es sollte sich aus den betroffenen Mitarbeitern zusammensetzen. Sie können mögliche Fehlerquellen und die Wahrnehmung der Kunden am Besten einschätzen. Bevor mit der Planung der Prozesse gestartet werden kann, sollte zudem Klarheit über die Anforderungen herrschen und die angepeilten Ziele definiert sein. Zur Gestaltung neuer Prozesse, wird zunächst ein grobes Prozessmodell entwickelt. Bei bestehenden Dienstleistungen ist ansonsten der Ist-Zustand aufzunehmen. Ausgehend von dieser Arbeitsgrundlage lässt sich nun ein detailliertes Soll-Konzept ableiten. Dafür werden zunächst die wichtigsten Probleme identifiziert und anschließend soweit wie möglich eliminiert. In Arbeitsgruppen lassen sich daraufhin gemeinsam Lösungen suchen, um Fehlerquellen zu beseitigen, oder Abläufe und Kundenerlebnisse zu optimieren. Ist das Soll-Konzept ausreichend geschärft, kann mit der Umsetzungsplanung und der anschließend dieser auch begonnen werden. Anhand der anfangs definierten Ziele lassen sich jederzeit der Erfolg und der Grad der Umsetzung überprüfen.  Ziel: Die Ziele des Service-Blueprint sind die Visualisierung aller Prozessschritte, Ereignissen und Entscheidungen während des Leistungsprozess. Dabei sollen die Interaktionen mit dem Kunden und die jeweilige Schnittstelle im Unternehmen gleichzeitig abgebildet werden. Der Service-Blueprint soll dazu dienen bestehende Prozesse zu optimieren, sowie neue zu gestalten und zu entwickeln. Durch den Service-Blueprint soll entnommen werden, ob alle Kundenbedürfnisse im Leistungserstellungsprozess abgedeckt werden.',	120,	'Beteiligte beim Service-Blueprint sind das entsprechende Projektteam beziehungsweise der betroffene Geschäftsbereich, die für die Dienstleistungsentwicklung verantwortlich sind. Ebenfalls kann eine Design Thinking Agentur beteiligt sein, welche bei der Entwicklung des Service-Blueprint mitwirkt. Ebenso kann auch der Geschäftsführer des Dienstleistungsunternehmens anwesend sein.'),
(45,	'Moodboard',	1,	1,	'Beschreibung: Diese Methode sieht vor, dass eine oder mehrere Personen auf einem Board grafisch einordnen, wie sie beispielsweise ihr persönliches Umfeld, die Umgebung des Kunden oder die visuelle Gestaltung eines Produktes erleben. Dadurch, dass zusammenhängende Konzepte in der Nähe zueinander eingeordnet werden, lässt sich genauer definieren, wie eine Testperson bestimmte Situationen oder Produkte empfindet. Dazu wird das Moodboard in der Empathize-Phase eingesetzt, um einen genauen Überblick über die persönliche Wahrnehmung des Kunden zu erreichen. Vorgehen: Im ersten Schritt wird das Moodboard mit den einzelnen Kategorien, wie beispielsweise den Ideen oder Evaluationen, beschriftet. Anschließend beginnen die Bearbeiter einzelne Begriffe oder Bilder einzuordnen und miteinander zu verknüpfen. Diese Zuordnungen werden gemeinsam besprochen und möglicherweise noch verändert. Abschließend werden die Ergebnisse des Moodboards vom Design-Thinking-Team schriftlich festgehalten. Ziel: Das Ziel des Moodboards besteht darin, einen genauen Überblick darüber zu erlangen, wie eine oder mehrere Personen ihr Umfeld, die Umgebung des Kunden, die Nutzerumgebung oder die visuelle Gestaltung empfinden.',	60,	'Beteiligte sind das Design Thinking Team, gegebenenfalls können auch externe Personen, wie beispielsweise Kunden, einbezogen werden.'),
(46,	'NABC-Methode',	1,	3,	'Beschreibung: Die NABC-Methode unterstützt dabei eine Idee aus vier verschiedenen Perspektiven beziehungsweise den Dimensionen, zu betrachten und schnelles Feedback zu erhalten. Die Buchstaben N A B C stehen für Need, den Bedarf aus Sicht des Kunden oder Endnutzers, Approach, als Ansatz um die Bedürfnisse des Kunden zu decken, Benefit, den Nutzen aus Sicht der Kunden sowie des Unternehmens und Competition, den Wettbewerb und ähnliche Angebote analysieren. Vorgehen: Bei der NABC-Methode geht man wie folgt vor. In der Praxis hat sich ein iteratives Vorgehen in vier Schritten als sinnvoll herausgestellt. Teams von maximal vier Personen entwickeln jeweils eine Geschäftsidee entlang der vier NABC-Dimensionen. Das Konzept wird in Form einer kurzen Präsentation mit maximal vier Slides, eins pro Dimension, vorbereitet und im Anschluss 5 – 10 Minuten vor der ganzen Gruppe vorgestellt. Anschließend geben die Teilnehmer dem Team Feedback. Die Fragen, Anregungen und Impulse nutzt das Team zur Überarbeitung der Idee. Dieser Vorgang wird – falls erforderlich – mehrfach wiederholt. Alternativ kann es auch sinnvoll werden, Ideen aus mehreren Teams miteinander zu kombinieren. Im Team und in der Gruppe müssen alle teilnehmenden Akteure offen und konstruktiv miteinander umgehen und diskutieren damit die Methode ihren Erfolg erzielt. Persönliche Angriffe sind dabei tabu, es geht immer nur um die Sache. Um möglichst schneller voranzukommen, können die Ideen bereits im Vorfeld geclustert werden. Bei der Betrachtung der einzelnen Perspektiven dienen Zahlen, Daten und Fakten, um die Idee entsprechend zu veranschaulichen.  Ziel: Ziel ist es mit diesem Vorgehen möglichst schnell ein Geschäftsmodell zu entwerfen und zu bewerten. Der Kern der Idee beziehungsweise des Geschäftskonzepts soll dabei möglichst schnell erfasst werden. Die Idee soll unter den vier verschiedenen Aspekten Need, Approach, Benefit, und Competition betrachtet werden. Weitere Ziele sind die schnelle Einholung von Feedback in einer frühen Phase der Entwicklung sowie der Vergleich unterschiedlicher Ansätze.',	30,	'Beteiligte bei dieser Methode sind das Projektteam sowie weitere Stakeholder.');

DROP TABLE IF EXISTS `models`;
CREATE TABLE `models` (
  `id` mediumint(9) NOT NULL AUTO_INCREMENT,
  `name` varchar(20) COLLATE utf16_german2_ci NOT NULL,
  PRIMARY KEY (`id`)
) ENGINE=InnoDB DEFAULT CHARSET=utf16 COLLATE=utf16_german2_ci;

INSERT INTO `models` (`id`, `name`) VALUES
(1,	'ISUM');

DROP TABLE IF EXISTS `pauses`;
CREATE TABLE `pauses` (
  `id` int(11) NOT NULL AUTO_INCREMENT,
  `meeting` bigint(20) unsigned NOT NULL,
  `start` datetime NOT NULL,
  `end` datetime DEFAULT NULL,
  PRIMARY KEY (`id`),
  KEY `meeting` (`meeting`),
  CONSTRAINT `pauses_ibfk_2` FOREIGN KEY (`meeting`) REFERENCES `meetings` (`id`) ON DELETE CASCADE ON UPDATE CASCADE
) ENGINE=InnoDB DEFAULT CHARSET=utf16 COLLATE=utf16_german2_ci;

INSERT INTO `pauses` (`id`, `meeting`, `start`, `end`) VALUES
(16,	62,	'2021-03-25 14:27:21',	'2021-03-25 14:27:31'),
(17,	62,	'2021-03-25 14:27:41',	'2021-03-25 14:27:48'),
(18,	62,	'2021-03-25 14:29:09',	'2021-03-25 14:29:16');

DROP TABLE IF EXISTS `phases`;
CREATE TABLE `phases` (
  `uid` varchar(8) COLLATE utf16_german2_ci NOT NULL,
  `id` int(10) unsigned NOT NULL AUTO_INCREMENT,
  `number` smallint(5) unsigned NOT NULL,
  `name` varchar(50) COLLATE utf16_german2_ci NOT NULL,
  `description` text COLLATE utf16_german2_ci DEFAULT NULL,
  `model` mediumint(9) DEFAULT NULL,
  PRIMARY KEY (`id`),
  KEY `model` (`model`),
  CONSTRAINT `phases_ibfk_1` FOREIGN KEY (`model`) REFERENCES `models` (`id`) ON DELETE SET NULL
) ENGINE=InnoDB DEFAULT CHARSET=utf16 COLLATE=utf16_german2_ci;

INSERT INTO `phases` (`uid`, `id`, `number`, `name`, `description`, `model`) VALUES
('7e3360b9',	1,	1,	'Proleme recherchieren',	'In Phase 1 befindet man sich im Problemraum und pflegt das divergente Denken. Ziel der Phase ist es damit zunächst, das verfolgte verzwickte Problem durch möglichst viele denkbare konkrete Probleme und Herausforderungen zu konkretisieren. Zu typischen Methoden dieser Phase zählen zum Beispiel die Beobachtung von Aufgaben oder die Befragungen der Auftraggeber beziehungsweise potenziellen Kunden, und das fünfmalige Stellen der Frage: Warum?. Charakteristisch für diese Phase ist konsequente Kundenorientierung und die Entwicklung von hoher Empathie mit möglichen Zielgruppen. Anschaulich wird die Phase am Beispiel der Analyse der Anmeldung in einer Arztpraxis. Dem Anspruch des Design Thinking wird eine Literaturrecherche oder Telefonbefragung allein nicht gerecht. Stattdessen erfordert die Problemidentifikation im Design Thinking eher das Eingipsen eines \\(gesunden\\) Beins oder Arms, um die Anmeldesituation möglichst realistisch nachempfinden zu können.',	1),
('4e4760b9',	2,	2,	'Probleme definieren',	'Phase 2 ist im Problemraum verortet und es wird konvergentes Denken betrieben. Ziel der Phase ist es, ein konkretes, konsistentes Bild der innovationstreibenden Herausforderung zu zeichnen. Zu typischen Methoden dieser Phase zählt zum Beispiel die Entwicklung von Personas. Mittels Personas werden die adressierten Zielgruppen des Design Thinking-Projekts anhand repräsentativer fiktiver Personen mit Namen, Alter, Charaktereigenschaften, Hobbys, Wohnorten etc sowie spezifischen zu lösenden Problemen beschrieben. Damit soll die Vorstellungskraft und Empathiefähigkeit der Projektteilnehmer gefördert werden. Ähnliche Vorzüge adressieren Methoden wie das Storytelling und Empathie-Maps. Indem man sich in dieser Phase zunächst der Problemdefinition widmet, wird ein häufiger Fehler von kreativitätsintensiven Projekten systematisch vermieden, der darin besteht, sich – zum Beispiel animiert durch die Kenntnis oder Faszination bestimmter technologischer Neuerungen – zu früh auf bestimmte Problemlösungen festzulegen.',	1),
('8e2d60b9',	3,	3,	'Ideen finden',	'In Phase 3 befindet man sich im Lösungsraum und es wird divergent gedacht. Ziel der Phase ist es, zu dem aktuell durch Arbeiten im Problemraum vorgegebenen Herausforderungen möglichst viele denkbare Lösungen vorzuschlagen. Zu typischen Vorgehensweisen in dieser Phase zählen zum Beispiel die Anwendung der Kopfstandmethode, die ersten Phasen des Brainstorming \\(ohne Kritik und Auswahl\\), der Aufbau von morphologischen Kästen und die Positionierung von Merkmalskombinationen in diesen, die Sammlung von Ideen mit der 635-Methode und zahlenmäßig angepasster Varianten, die Nutzung eines Collective Notebook und/oder von Metaplanwänden und die Anwendung der Walt Disney- oder 6-Hüte- sowie der Osborne-Methode. Gemeinsames Ziel der eingesetzten Methoden ist es, auch zunächst abwegig erscheinende Vorschläge hervorzubringen. Es sind dabei Arbeitsschritte zu kombinieren, in denen Teilnehmer für sich selbst nachdenken und in denen sich die Teilnehmer gegenseitig beeinflussen.',	1),
('8e3d60b9',	4,	4,	'Ideen auswählen',	'In Phase 4 wird im Lösungsraum konvergent denkend gearbeitet. Ziel der Phase ist es, konsistente aufeinander abgestimmte, in sich schlüssige Problemlösungsvorschläge zu erarbeiten. Für die Konstruktion widerspruchsfreier Konzepte kann auf typische Ansätze zur unternehmensmodellierung zurückgegriffen werden. Hierzu zählen verbreitete Techniken zur Konstruktion von Geschäftsmodellen \\(Business Model Canvas etc\\), zur Prozessmodellierung \\(BPMN 2 0, EPK, Petri-Netze etc\\) und für die Konzeption von Wertschöpfungsnetzwerken \\(zum Beispiel mit dem Cooperation Experience-Ansatz\\). Auch Storytelling und -boards tragen zur Veranschaulichung bei. Darüber hinaus sind spezifische Methoden zur Bewertung und Auswahl alternativer Lösungsbeiträge bzw. Vorschläge in ihrer Gänze einzusetzen. Argumentenbilanzen, Scoring-Modelle, Stärken/Schwächen- und Chancen/Risiken- Analysen kommen hierbei zum Einsatz. Die Abstimmung über Optionen kann verdeckt oder zum Beispiel in Form des Dotmocracy-Ansatzes erfolgen.',	1),
('5e4360b9',	5,	5,	'Prototypen bauen',	'In Phase 5 ist im Implementierungsraum divergent vorzugehen. Ziel ist es, die im Lösungsraum konzipierte und ausgewählte Idee auf unterschiedliche Weise prototypisch zu testen. In frühen Projekt-Iterationen ist es ratsam, besonders schnell und aufwandsarm vorzugehen, damit unterschiedliche Prototypingansätze \\(parallel\\) verfolgt werden können und Testergebnisse für die nächste Phase der Implementierung rasch zur Verfügung stehen. Mit zunehmender Iterationsanzahl wird das Prototyping zunehmend auch aufwändiger betrieben. Das gesamte Spektrum des Prototyping ist einsetzbar: Rollenspiel, Nutzung von Spielfiguren und -steinen, Sketching, Papierprototypen, Software-Mock-ups, Simulationen, visuelle Softwareentwicklung, Markttest etc.',	1),
('7e3b60b9',	6,	6,	'Tests beurteilen',	'In Phase 6 befindet man sich im Implementierungsraum und geht divergent vor. Die mit den unterschiedlichen Prototypen gewonnenen Erkenntnisse werden zu einem Gesamturteil zusammengefügt und es wird über das weitere Vorgehen entschieden. Soll das Design-Thinking-Projekt nicht fortgesetzt werden, so kann sich eine Einführung der Innovation im Markt bzw im Unternehmen anschließen. Die Regel sind gezielte Rücksprünge in vorangegangene Phasen. Dabei kann festgestellt werden, dass das Problem noch nicht richtig verstanden wurde oder bisher präferierte Lösungsstrategien ungeeignet sind. Das Erkennen der Notwendigkeit von Rücksprüngen kann zu jeder Zeit im Design-Thinking-Projekt erfolgen und ist jeweils als Erkenntnisgewinn positiv zu bewerten. Die Entscheidung über das weitere Vorgehen kann auch in dieser Phase durch Argumentenbilanzen, Scoring-Modelle, Stärken/Schwächen- und Chancen/Risiken-Analysen und Dotmocracy unterstützt werden.',	1);

DROP TABLE IF EXISTS `phase_protocol`;
CREATE TABLE `phase_protocol` (
  `id` bigint(20) NOT NULL AUTO_INCREMENT,
  `team` int(10) unsigned DEFAULT NULL,
  `model` mediumint(9) DEFAULT NULL,
  `meeting` bigint(20) unsigned DEFAULT NULL,
  `phase` int(10) unsigned DEFAULT NULL,
  `method` int(11) DEFAULT NULL,
  `begin` datetime NOT NULL,
  `end` datetime NOT NULL,
  `description_skipped` tinyint(1) NOT NULL,
  `method_description_skipped` tinyint(1) NOT NULL,
  PRIMARY KEY (`id`),
  KEY `team` (`team`),
  KEY `phase` (`phase`),
  KEY `model` (`model`),
  KEY `meeting` (`meeting`),
  KEY `method` (`method`),
  CONSTRAINT `phase_protocol_ibfk_3` FOREIGN KEY (`team`) REFERENCES `teams` (`id`) ON DELETE SET NULL ON UPDATE CASCADE,
  CONSTRAINT `phase_protocol_ibfk_4` FOREIGN KEY (`phase`) REFERENCES `phases` (`id`) ON DELETE SET NULL ON UPDATE CASCADE,
  CONSTRAINT `phase_protocol_ibfk_5` FOREIGN KEY (`model`) REFERENCES `models` (`id`) ON DELETE SET NULL,
  CONSTRAINT `phase_protocol_ibfk_7` FOREIGN KEY (`meeting`) REFERENCES `meetings` (`id`) ON DELETE CASCADE ON UPDATE CASCADE,
  CONSTRAINT `phase_protocol_ibfk_8` FOREIGN KEY (`method`) REFERENCES `methods` (`id`) ON DELETE CASCADE
) ENGINE=InnoDB DEFAULT CHARSET=utf16 COLLATE=utf16_german2_ci;

INSERT INTO `phase_protocol` (`id`, `team`, `model`, `meeting`, `phase`, `method`, `begin`, `end`, `description_skipped`, `method_description_skipped`) VALUES
(5,	1,	1,	15,	3,	17,	'2021-01-29 16:51:32',	'2021-01-29 16:53:17',	0,	0),
(55,	2,	1,	61,	2,	7,	'2021-03-25 01:45:07',	'2021-03-25 01:54:13',	0,	0),
(56,	2,	1,	62,	2,	8,	'2021-03-25 12:51:10',	'2021-03-25 13:13:27',	1,	1),
(58,	2,	1,	62,	2,	8,	'2021-03-25 13:14:21',	'2021-03-25 14:31:56',	1,	0);

DROP TABLE IF EXISTS `students`;
CREATE TABLE `students` (
  `id` int(10) unsigned NOT NULL AUTO_INCREMENT,
  `first_name` text COLLATE utf16_german2_ci NOT NULL,
  `last_name` text COLLATE utf16_german2_ci NOT NULL,
  `matrikel` varchar(8) COLLATE utf16_german2_ci NOT NULL,
  `team` int(10) unsigned DEFAULT NULL,
  PRIMARY KEY (`id`),
  KEY `team` (`team`),
  CONSTRAINT `students_ibfk_1` FOREIGN KEY (`team`) REFERENCES `teams` (`id`) ON DELETE SET NULL
) ENGINE=InnoDB DEFAULT CHARSET=utf16 COLLATE=utf16_german2_ci;

INSERT INTO `students` (`id`, `first_name`, `last_name`, `matrikel`, `team`) VALUES
(1,	'Markus',	'Watermeyer',	'201333',	1),
(2,	'Malisa',	'Watermeyer',	'201334',	1),
(3,	'Jannis',	'Watermeyer',	'201335',	1),
(4,	'Anja',	'Watermeyer',	'201336',	1),
(5,	'Carina',	'Dach',	'201337',	2),
(7,	'Friedhelm',	'Dach',	'201338',	2),
(8,	'Helga',	'Dach',	'123456',	2);

DROP TABLE IF EXISTS `teams`;
CREATE TABLE `teams` (
  `uid` char(8) CHARACTER SET utf8 COLLATE utf8_german2_ci NOT NULL,
  `id` int(10) unsigned NOT NULL AUTO_INCREMENT,
  `name` text COLLATE utf16_german2_ci DEFAULT NULL,
  `last_login` datetime DEFAULT NULL,
  `last_seen` datetime DEFAULT NULL,
  `model` mediumint(9) DEFAULT NULL,
  `current_phase` int(10) unsigned DEFAULT NULL,
  PRIMARY KEY (`id`),
  KEY `current_phase` (`current_phase`),
  KEY `model` (`model`),
  CONSTRAINT `teams_ibfk_1` FOREIGN KEY (`current_phase`) REFERENCES `phases` (`id`) ON DELETE SET NULL,
  CONSTRAINT `teams_ibfk_2` FOREIGN KEY (`model`) REFERENCES `models` (`id`) ON DELETE SET NULL
) ENGINE=InnoDB DEFAULT CHARSET=utf16 COLLATE=utf16_german2_ci;

INSERT INTO `teams` (`uid`, `id`, `name`, `last_login`, `last_seen`, `model`, `current_phase`) VALUES
('934d1e1a',	1,	'Team Watermeyer',	'2021-03-14 02:02:44',	'2021-03-14 02:03:25',	1,	NULL),
('2470d62b',	2,	'Team Dach',	'2021-03-25 14:35:17',	'2021-03-25 14:43:30',	1,	NULL);

-- 2022-03-30 13:59:05
